Id,Predicted
1,-1.0666849346327123
2,-0.04480976243963566
3,-4904.069340000002
4,0.9902598466603073
5,0.7068649876936636
6,0.30884647516654895
7,1.3822346236632759
8,0.49847151611245705
9,3505.819944449861
10,-3.3894914416165425
11,0.12581911404556403
12,-5.467709837277352
13,-1380.5334800000016
14,1.4759082363600233
15,-7279.292720000011
16,0.3664761746248578
17,-337.28435396460816
18,-0.7678879291816835
19,-2827.130999999995
20,-9101.073459999996
21,-3463.185519999997
22,-7622.239030000016
23,0.13135442379415058
24,-0.5074196595219047
25,-1.334596679965703
26,-5.499049679232652
27,1.263413037782099
28,-9.481210683359702e-4
29,-2495.3925700000036
30,0.9368721045564872
31,-25037.276010000052
32,18.65765082901727
33,-8.537373852617108
34,-0.3916695348114894
35,-0.8444954548845994
36,0.9918509716217617
37,-1.9289865382016282
38,-124.21346246957928
39,2.260544428221631
40,-2002.9891299999992
41,0.40351838863733874
42,-7411.34004
43,-0.17190099041698131
44,-1981.1209199999994
45,0.27270486436524094
46,-6573.99244999998
47,1.4153596886249211
48,-7402.901970000014
49,1.6937751926436648
50,-6159.343279999982
51,-0.02146966009502762
52,1.2336986343322924
53,0.8972258029634115
54,0.10864570543628022
55,-0.17873503878960392
56,-8506.356229999987
57,205.50563722271258
58,0.9889914175478774
59,-0.6831873311574433
60,-0.720125624334552
61,-8467.60442999999
62,-183.56543893066436
63,0.41194924876139155
64,-2081.6149499999947
65,2508.8719500000016
66,4.515634521397316
67,6.731869438093523
68,-0.30059519604746365
69,0.8148696547155968
70,-28986.361199999992
71,-7538.20086
72,0.3283403833358736
73,3.6415596638772953
74,2.5877964044282553
75,-0.5589259492076394
76,-0.06101902478543223
77,0.016897237265206783
78,579.2105435134183
79,0.7474090619426828
80,-1.4802755588643357
81,-0.9482877628122457
82,-0.19272205613252086
83,0.024358346305584522
84,0.22531920786632395
85,2.0410501996269583
86,-23032.904970000072
87,0.4995675767713956
88,-0.7976925183287026
89,2.5065971280435355
90,3.0644323943970186
91,1239.5225166535504
92,-24907.132980000046
93,-6.084777513948503
94,-5270.0053800000005
95,0.9914492880848126
96,4.096291422219289
97,-1058.0197299999998
98,0.7486373361665163
99,1.2570808774453808
100,1.6296583034957945
101,0.5719045119189174
102,-566.2831000000001
103,-1.009174562185876
104,0.041883072149966664
105,0.41612992810110366
106,1.366333161951595
107,-10798.516639999993
108,-0.3257514559983529
109,2.3017711058302375
110,-1616.5845376713041
111,-0.18464281889016293
112,-7.168736404771694
113,-0.8052166240010827
114,-0.14129578452149918
115,0.8822161269965338
116,-0.7374307673961145
117,-0.35200401174150703
118,-0.44350115350493086
119,-4972.112100000001
120,-0.6909039915180768
121,-4693.18987
122,-22282.79364000004
123,1.5952994173911523
124,-9412.961949999986
125,51.04475575013312
126,0.6797322925225313
127,-1205.0470600000008
128,-9024.623409999995
129,-2765.7997700000037
130,0.3469665960748816
131,-12380.619629999985
132,2129.5551057236285
133,-2309.846519999998
134,1109.4969800000006
135,-1002.6989300000005
136,-8327.935349999994
137,-6.004891443020272
138,-0.6569737124524617
139,-8465.09863
140,-0.01686058840406398
141,-4.457211960473244
142,-1345.8070600000005
143,-0.950298595552188
144,-1548.743789999999
145,25.94969265598495
146,0.2954715425904
147,-7224.792060000006
148,-1777.2520200000038
149,1.0115692728548225
150,-21187.288140000048
151,3966.8768179525396
152,1.8053614697426097
153,1.2137163551186658
154,-1093.2078599999988
155,-2.252864395107968
156,-0.47862720002668957
157,-14140.066959999991
158,818.528053347719
159,0.1329528539628756
160,0.8260530432151902
161,-2337.364960000002
162,-7903.160409999986
163,-0.4786694157491918
164,2.341652061569211
165,-12004.723839999964
166,-0.3810791241517149
167,9.487656463739917
168,569.7740499999999
169,-0.060112195473473996
170,-0.15758318429899948
171,0.8080542238599583
172,-0.03993474387221492
173,-4764.663239999994
174,-0.6961034627496677
175,-0.4021143020907703
176,-0.7416015958377729
177,5.183965932372933
178,-5295.57414999999
179,-2.0747665677927207
180,-1975.5480399999965
181,2.9938684938470685
182,1.1894986351427346
183,-1.6412598394527091
184,-0.08151254799264464
185,-0.22344424040963032
186,-217.42301270684558
187,0.8408747430018547
188,-0.4284339992354191
189,-0.34091149878048777
190,11.808613617108165
191,-7031.38011
192,-0.5265177377662813
193,-1982.7681999999982
194,0.7092543730299704
195,-612.4797274017363
196,-4951.412380000002
197,0.4239998855904827
198,-0.6957668579865738
199,-3432.4342500000034
200,-2003.401709999993
201,-0.9344072839209989
202,-0.3346988737892592
203,-34205.36039593724
204,0.6287937888214105
205,-9994.248059999998
206,-0.6729469247431216
207,0.330577862997298
208,-0.41496066563844414
209,2.7284258239516865
210,-0.375405480680487
211,1.0968819416305897
212,-0.6500594101773702
213,-26429.149230000006
214,-7557.349069999986
215,-0.38056599723371504
216,-0.3723433345068771
217,-18.559126984448046
218,1.1185618769538204
219,0.8341897180096353
220,17.714278312721827
221,0.45569495009305194
222,-13610.138670000004
223,-28525.00432000001
224,56.87647516600354
225,0.9896609868121458
226,0.123253150984086
227,-0.21756191667107594
228,1213.1695085043873
229,-0.3537553778910707
230,1.553160999315153
231,0.8345727001209261
232,-4414.040020000011
233,0.35042027209880805
234,4.423004950500339
235,-4141.9724199999855
236,-9798.46959999999
237,2.8649358546356734
238,-4492.482929999989
239,-0.4225048152540131
240,-0.07186043197224508
241,-0.17253561596822448
242,-3411.6775299999913
243,-16671.716160000044
244,-1104.0477251664581
245,0.25617103674833774
246,-1.0412210820584333
247,1.169903510078531
248,52.19491555784963
249,0.05951261130128453
250,-756.9437299999989
251,-400.59203956356856
252,0.15463728501611726
253,-4750.3662099999965
254,-2116.694359999998
255,-7.72284764159446
256,-7784.007480000002
257,1.2537438043251443
258,1.4433210719413934
259,2.223030146998656
260,17.261974363122114
261,-3982.319830000001
262,-0.06483498221375637
263,0.9796158407968698
264,-0.03358431090860965
265,-9768.355669999986
266,-8352.880899999991
267,-9667.295909999992
268,-0.9043772212427794
269,0.0914476350010525
270,-9318.133819999974
271,3.190773148650578
272,-17.465119999999583
273,1088.5917574968867
274,-2.58283369394809
275,-0.7486939864824159
276,-6047.136079999997
277,0.787277599442417
278,0.11182195516795257
279,1.5931596614860926
280,1462.3654062848664
281,180.32477046469887
282,-7631.751370000011
283,26.407925842623104
284,-4828.254420000007
285,-8656.903980000005
286,-4099.8989400000055
287,0.29096699695478134
288,-1.5391133994274542
289,0.14950053294041415
290,0.00790350397650154
291,-0.9540990731055328
292,-1.7270831170390728
293,0.22317964176513372
294,1.701467160798713
295,0.11801078841078647
296,0.7178897806074429
297,0.9317435848864476
298,-0.5187535950749957
299,-2.109619555572685
300,13.033872346225417
301,0.07271806172431323
302,-0.7975925249864745
303,0.15887330197761562
304,-13221.561759999995
305,0.1811891940946417
306,0.5131532360316607
307,-6852.814410000003
308,-1.7485444271002308
309,-0.0343369357752305
310,-0.9924123867155152
311,1.5883914087655204
312,26.523059162330465
313,-7091.230229999995
314,1.813613096322683
315,3.8497153703069156
316,-1.1327570504663338
317,-0.7625682488142216
318,-2.764482267125367
319,-0.9487976672823597
320,-0.9357810074051066
321,-0.9801288539864789
322,-0.6796038984657222
323,0.027304282303444602
324,-1790.6212500000029
325,423.1158420230989
326,-0.19932700747860202
327,0.29418941375205343
328,-1859.6665499999938
329,-3.567744447118646
330,-19040.314490000026
331,-11303.264110000013
332,2.0575033693317524
333,-3.6718557647016348
334,-0.485571657021794
335,-0.6680173991858899
336,-7600.842410000001
337,0.7473174112729949
338,-0.6377248423784545
339,-10384.618680000001
340,-0.9637681267516199
341,-4829.574470000002
342,-594.6129400000002
343,768.2379952773503
344,0.5986875176184439
345,1.6731502598114758
346,-5619.985429999994
347,0.8816915592022465
348,0.7469049883685497
349,-5373.90773
350,-1.9815970546961648
351,-0.4902258601670713
352,-0.1951615166263638
353,0.5567808573944367
354,-0.36748214764687076
355,-603.6180500000006
356,-2993.368810000009
357,12.388877786736277
358,-0.4104613020502251
359,-1.2833272133335003
360,1.3122162791606982
361,-1649.7561500000002
362,0.7443001858648741
363,-0.17756431947381945
364,-1.1230431762460749
365,-1643.299319999999
366,-9507.565439999995
367,2.986217649673859
368,-6620.403600000005
369,-0.5990860098718581
370,-0.8076816631321644
371,-1.4433312230859345
372,-0.940858873680101
373,-0.6996610902808127
374,-6822.1368499999935
375,1.0477302899567076
376,-0.9812245942695806
377,-12.468829331386727
378,-3750.688780000005
379,-5866.579790000004
380,-2.0323654897536163
381,-1.2275739099656051
382,-0.6611807268543063
383,-122.99098000000018
384,-7.03620588821518
385,0.03003116337914969
386,-7192.332529999992
387,-4643.2356999999965
388,0.9542898122951526
389,16.88973884568515
390,0.49309697840774924
391,0.15424012240901278
392,-4485.1897300000055
393,0.8010383545914267
394,-14852.304429999958
395,-7399.3009000000075
396,-0.8827146044170565
397,75.93287287469416
398,-0.5789467512517594
399,-3726.7443799999887
400,-0.2554035709944312
401,-2.741324046229671
402,-0.013689406427507472
403,-0.8744776657509565
404,0.21616207379810592
405,-0.38047012759672827
406,-0.032124375651669
407,18.123792518641487
408,0.04758031696256928
409,0.7033021136275716
410,0.5791659690979615
411,0.7888614395389204
412,-0.1773593056914546
413,-0.5705259654951573
414,-6706.357819999995
415,-7.120136545961257
416,0.08717314653907733
417,-0.2902014241640078
418,-0.3924871150870979
419,0.3332296907452826
420,2.007080198911313
421,-4.688439295907807
422,-7.838952492734955
423,-2139.064419999999
424,0.92036151806301425
425,0.4095226790073873
426,0.8242990043296466
427,0.9216101269338527
428,0.06965960846094241
429,-0.06640827146042033
430,5.414560312138112
431,0.48683424881286397
432,0.3163962664727803
433,0.3849336024968264
434,0.5612419960768649
435,-2896.4895300000067
436,-6679.034849999994
437,-2.0934369136308852
438,0.7534174780950138
439,-19681.42588000002
440,-263.4892899999999
441,-0.11337485927163737
442,-0.591335008661058
443,1.8301841705328663
444,-4.796401950940062
445,-6889.679030000002
446,0.5755744285196486
447,0.23347285468210618
448,1.3886615828799629
449,1.0898798816232769
450,-0.023372293872468065
451,-728.3560700000018
452,0.8536775590906189
453,-1324.758490000003
454,-3.465572666836098
455,-1.388306369716081
456,-1990.375499999997
457,0.44064061087234047
458,-3.5431514754095166
459,-0.06009801468360132
460,-3818.870761868875
461,-0.6564018265023953
462,-0.2407612419979104
463,-4082.7242599999963
464,-12450.333119999992
465,2.2071148621519976
466,-0.27114550819539895
467,1.3309818560322586
468,0.5877886128336233
469,-10586.042960000032
470,-12.162258142245056
471,-0.6595587328597406
472,0.6200870334239411
473,-8949.924379999995
474,-0.3723526129870088
475,-416.8517100000003
476,0.864326406718808
477,0.11960022826627732
478,-0.17433017702714176
479,8.504390138437603
480,1.4800002773910754
481,0.4299851880196895
482,-11885.180299999996
483,-1.32032535263809
484,-0.2584936198079631
485,-5262.966350577824
486,4.893846508391
487,0.42869047205327154
488,-0.8098133667571789
489,0.3870979497134438
490,1.4250794078618236
491,0.6890302695351226
492,2.207730229934929
493,-7194.88402999999
494,-5487.10541
495,-12427.253779999975
496,-805.7344600000005
497,0.38385731128053996
498,-0.10322703867470809
499,-0.9551451831260741
500,0.666002391909449
501,-10798.363989999998
502,-7305.308369999996
503,-1.1591403759819592
504,785.6573681231334
505,-2.5825963938242817
506,-8934.758390000008
507,-0.8062936701165142
508,91.47546651840545
509,1.8112771840463515
510,0.6175749737208218
511,0.27650701703628683
512,-14065.588259999991
513,-1.6904914249966554
514,0.6874046432245745
515,9.419462233809539e-4
516,-0.6406896280038359
517,0.696388265304465
518,-2.5838431675818154
519,1.3277509498954956
520,0.4122879891413886
521,-0.888633444354548
522,0.2850986812528861
523,-0.5111928567277186
524,-4916.577879999998
525,0.27227635273286976
526,10.778819999999868
527,-0.11660368630064698
528,0.5261828383640191
529,0.30738113661709715
530,-1.4035384040171683
531,0.5827749632042815
532,-2224.79695
533,-1.257637943392158
534,0.7435166002562592
535,-1.4864307123046399
536,657.216520000001
537,-0.8091550522712321
538,-34524.17317
539,-3884.395589999992
540,0.4854825589294956
541,-4772.5077999999985
542,-132.21321128826239
543,-1.32968906789942
544,-1.0091246904048405
545,-0.8010089012842438
546,0.055797090078104024
547,-2190.726600000001
548,-0.5801823346298252
549,1393.0359318702754
550,-1.1327150041166647
551,-0.9615261280704478
552,0.671253834736945
553,-0.37677859100473854
554,0.22081332673953555
555,1.7974012347159252
556,-3470.4117300000044
557,0.12411939638236506
558,-0.2753393476448699
559,1.0266737307183205
560,-0.09374482466534684
561,-1.0217023887025714
562,-379.3118299999993
563,1353.7074785714983
564,-5602.019600000003
565,-14900.003310000026
566,-6587.418909999997
567,-1.4170259445161826
568,-0.9481706249451082
569,0.8129972273782526
570,-0.05638155932093757
571,-5088.4836799999985
572,-32.063852002739466
573,-12359.335479999958
574,0.09919107911728375
575,6445.094930558905
576,-0.10064964014806893
577,-0.4887168064005339
578,-18076.740609999986
579,0.8152092584874084
580,0.3798685449969098
581,-2.1907843296181135
582,-1179.7009353806834
583,7.090890875850841
584,-7933.730130000003
585,-4175.799229999997
586,-4410.153879999999
587,-0.19473693100104328
588,1.1773827397946144
589,3.173235018049042
590,6.942525262532195
591,-11425.511380000007
592,0.14411365385972857
593,-0.1696174739427779
594,-4031.948750000005
595,-0.46745401038673196
596,-4864.205869999993
597,1175.3010159036717
598,0.5935427435932404
599,487.3852060080118
600,-11134.27555999999
601,-0.8359593111271222
602,-0.6056493534950924
603,0.7762001471377058
604,0.29653829708101814
605,0.642579573141858
606,0.9162994029575876
607,0.40240156243089636
608,0.8883800551085829
609,0.8596858134412925
610,0.769510846199512
611,-1.1643419097792902
612,0.9492216169389688
613,-750.6871999999997
614,-0.802079294705232
615,-0.2679453320637798
616,-5977.517439999993
617,-0.23518878009317257
618,-6991.558310000009
619,-18669.325319999985
620,-879.8648199999982
621,1.017309412924476
622,14.830260150238159
623,-0.10972758360450503
624,0.33067433301288435
625,0.14806454111871648
626,842.3854479777788
627,1599.6576883815835
628,0.7761955179988643
629,-5329.515829999997
630,-4624.733780000008
631,-0.5425595045462636
632,-0.5934468317414359
633,2.242157649985334
634,-1.2674751625895035
635,-0.11876461199958384
636,-9820.699239999985
637,0.31300971786903864
638,-7743.6231099999995
639,440.13852404882994
640,0.512488034038597
641,-22506.132600000015
642,-15283.627400000014
643,1.473711557125472
644,0.8763049450554516
645,0.1473655869256941
646,-0.1800290094293899
647,-2.571698707853345
648,0.3706666766997637
649,-1.5835485665310505
650,-0.3652768951195518
651,0.9253649752080527
652,1.0648837971271585
653,0.30356800194801903
654,-6246.763709999985
655,-12885.927760000004
656,-30838.29585999998
657,-97.74554164451212
658,-0.42768531879693206
659,-1.821364517466775
660,1.103629564849175
661,-1.150247749509032
662,1.2458006938524977
663,857.8409900000007
664,-4.877728580179383
665,-6534.381569999998
666,5.896315392376445
667,-1.1612254108433053
668,-0.6745169384425905
669,-5360.190879999984
670,-8688.891129999976
671,-11630.453090000015
672,1.4672562045486675
673,1.000914812706221
674,-3430.364580000005
675,-8.683012242602945
676,-1.541247991766466
677,-1.0186461241572773
678,-7177.669779999983
679,-0.6077945564168622
680,0.668557429957834
681,0.38484830071491055
682,-0.16166935092813087
683,-0.04313549929573001
684,-10198.571850000008
685,-7262.122380000007
686,23.16312125789304
687,-0.9353813194985376
688,-0.6987211620852293
689,0.2754560597420123
690,-0.24041598283256838
691,0.5930942233820449
692,-329.57193259673613
693,-30736.23349999993
694,-19864.077660000017
695,-14888.065159999998
696,282.8757992554343
697,-0.48450924119168703
698,-0.6054059698065568
699,0.74285024820589
700,0.30990099603319327
701,-3.239854083862895
702,1.274730887692136
703,-0.44988590391986355
704,0.7767178239417197
705,1.3343089582409184
706,-2737.965779999997
707,-3125.253062706846
708,-0.8418282817709295
709,0.23215833614372045
710,-19576.460700000007
711,0.0071396160168575645
712,-18406.755199999978
713,-0.5583389998929343
714,1.006747888787161
715,-3.9638632430152296
716,-0.08451414701264406
717,-1.6381807773953108
718,-0.1132555603790838
719,-3088.769911510634
720,1.0790127270022423
721,-142.37751894026107
722,-2.474985703531111
723,0.5201136368052209
724,1.2217099929033175
725,-0.48161094823594464
726,-11808.257310000025
727,22.35145525886633
728,-0.29474397642957495
729,0.8875115460406721
730,-0.21771939522704883
731,0.01869423278375112
732,39.88916003080851
733,-0.43143635446376954
734,-2.589531887563824
735,0.8203990927395762
736,-14598.32323999999
737,-0.5701764338087473
738,0.8259110849898711
739,-0.5628674214702851
740,-0.39810582670091765
741,-1.2907448846108298
742,-0.27236987546873115
743,-14862.100920000026
744,-1.6756780696652758
745,0.6293560866947951
746,0.6353007879752505
747,-6251.772360000009
748,0.12309983711178805
749,0.27564317820590284
750,-3.5412383458394876
751,0.6169180668581703
752,-6977.01886000001
753,-1860.4030900000025
754,1.314444843956443
755,1.7034511788590012
756,-0.7388600189076153
757,800.2991151791002
758,0.43263676942983736
759,0.7855885116291117
760,4.800242379044162
761,-0.6198240290079027
762,-1.1050975414857735
763,-6.894124606640872
764,1.0014029881367046
765,-0.31225391436535704
766,-0.8448424206810291
767,1.1999389199526194
768,-0.6689509863760624
769,-8885.931369999995
770,-6.246702690984221
771,-0.7020970629052542
772,-11833.884809999996
773,1.1150028289412333
774,-1436.5727799999997
775,-7968.345469999992
776,0.09098302378192111
777,-5054.521719999995
778,56.23920948742018
779,-0.8926826684330722
780,-0.7992635612237392
781,-1.0196014260881823
782,0.7572918244708939
783,0.7939928337436332
784,-1.2951969477776073
785,225.45871522715862
786,1.6923355947403567
787,0.8350987939326856
788,-6.601820085297527
789,-0.46116451935259317
790,0.8082111759034215
791,-17126.971940000043
792,-239.35409888159973
793,-1.1974409506380028
794,0.07348704867625967
795,0.544450862829569
796,-9592.666120000009
797,-7266.837570000005
798,0.3788134518019361
799,535.6988075839748
800,7.21434666322539
801,-6017.714469999996
802,1.445096274988085
803,72.82276999999985
804,10.503568023431935
805,5.247239902444465
806,-18855.664520000068
807,1.6383247006335508
808,-4.397227444060859
809,-0.57991037504827
810,0.4966270607674022
811,-8687.336560000007
812,-0.476105579585671
813,8.024240695371397
814,-21055.82550000005
815,904.4832551202669
816,-2645.7754200000027
817,-0.6523444791971424
818,0.407417919063109
819,-18664.4452
820,0.9144360541701324
821,0.4198190578573253
822,-21000.584210000034
823,-0.7471444703661407
824,-0.5011747462002485
825,-0.027094763791831396
826,-34143.83240112608
827,0.48527347760080136
828,1.8009902357164398
829,-1.1197770631317394
830,-14.698023157930734
831,-181.85725480818223
832,1.5017777804741776
833,-1.5075747867606135
834,-0.5700018315868113
835,-0.4597912763083245
836,0.024627413017761675
837,2726.0094314759085
838,-1.1454233050603302
839,-13263.229259999993
840,0.23476205993850532
841,3.573018863089972
842,0.6387166344633814
843,-0.04015164262690027
844,0.5555534836306332
845,-0.4607992202072185
846,-2308.315819999996
847,0.22120121310347413
848,-7.462105368987513
849,-0.3930798922204707
850,-0.8670437160820735
851,-1.212888583942335
852,-1.0825565354915454
853,1.2817248331935571
854,-5.844485730105466
855,-18868.35275000001
856,-2787.3954800000024
857,-706.2333400000008
858,-10602.879439999999
859,0.5171863426726113
860,-7104.73485000001
861,0.07282450172713308
862,3.451933910268669
863,-0.5167702337453562
864,0.3701916873677713
865,0.0030218047902457633
866,-7812.6440600000105
867,0.7601992944785483
868,0.897456606671188
869,0.11258698629109545
870,-551.8550999999993
871,2.2933432138916263
872,-1.3659142351169518
873,-1.1531205781900309
874,-0.15071506992081066
875,1.3011885579875029
876,0.19918869330538283
877,0.3693596179203251
878,-10.988538507351288
879,3.0550521581067343
880,-0.8056922806622375
881,0.1513886469690671
882,-0.373350105768321
883,-2426.1410399999995
884,-9616.573420000017
885,-2874.229980000004
886,1205.1230993820714
887,-12102.35067999998
888,-488.3410600000008
889,-18.032690000000002
890,-0.3079526869267301
891,1.6580184534879248
892,-6097.658490000003
893,-10.691045386704722
894,-6650.676990000006
895,-0.48192183758202684
896,-1.5332440967852252
897,0.5960458399685558
898,-3534.4232899999993
899,0.3593824870322675
900,-4454.460550000002
901,-4205.707000000008
902,-1.0255709214992312
903,-0.23155092922829332
904,-1.6666356560282076
905,0.2540807957580923
906,0.07601822217746465
907,-1.532892535812475
908,-2450.0968999999955
909,-0.009869090584863587
910,-5.569128355540996
911,0.5537779990281213
912,-8272.663789999997
913,-0.40132973511573183
914,-0.9649959868914515
915,0.3225349659524406
916,-2870.5724900000014
917,-3.5708850992724894
918,-0.22350971963595004
919,0.08928721819972577
920,-17141.150570000023
921,404.7289277254126
922,-1.1733455653427218
923,-7947.647080000008
924,-7.844181206698383
925,-1.0139743611606604
926,21.678587652456063
927,1542.2835465588462
928,-7255.205650000003
929,0.4051024549259149
930,-3548.943500000008
931,-15877.57888564145
932,0.8312687874129445
933,-0.6825823677033177
934,-22559.78089000006
935,-6664.536260000012
936,-3459.448119999998
937,-6562.736980000001
938,-0.13799319096885126
939,1.1201224826592278
940,-7739.465309393328
941,2.9518897081857673
942,-10104.883409999993
943,-7243.1232500000115
944,0.21396156827944549
945,1.9742605625835228
946,1.3691097767674834
947,-2885.109759999997
948,0.14022167090840942
949,-15287.750129999999
950,0.9252482738141358
951,0.10470614817188192
952,31.9441413512461
953,-0.28524771771009916
954,-16346.051120000042
955,0.4493546856763356
956,-0.12085791500022795
957,-1.601306692872409
958,-0.41697993479499074
959,0.3224415329833395
960,0.6005197982055989
961,-1.068414706860127
962,0.06551617271265199
963,-0.4424593171274356
964,0.3772814138581108
965,-0.06516746224199935
966,-0.7703385358433538
967,432.75519999999995
968,-20.855003863053266
969,-19849.629890000004
970,7.481336596789143
971,-0.886236029526515
972,8.58435604722886
973,-0.6466894848856494
974,-0.8965731904151498
975,-1899.113239999998
976,0.7512142913489066
977,2.4305231127164517
978,0.44043574844125716
979,-20443.44005000001
980,-4520.769829999992
981,-0.5963094434165429
982,-5136.966969999992
983,-1.273746579199201
984,0.6543253207777354
985,-0.493669587820964
986,-0.44693584719802715
987,-11909.054739999974
988,-342.79481000000015
989,-0.3259676054693085
990,1.4713068404456102
991,0.33515199582567634
992,-18695.24748999997
993,-0.1093160229236397
994,-0.48854997873117684
995,-0.5399056278679164
996,-1.3676716710390189
997,0.6335097226546094
998,-0.1994444415690764
999,0.31150235521400443
1000,0.6264792705946666
1001,0.010873713407659089
1002,-5633.572719999992
1003,5481.308063388745
1004,-1.520743086735008
1005,0.42084281455358097
1006,-0.8110827519422681
1007,-0.26756631463722075
1008,-2534.0903199999984
1009,-0.561621128781118
1010,-5.076904008448098
1011,-0.9619366401462031
1012,0.17105687184308704
1013,-0.010259188680841975
1014,-5968.669949999981
1015,-0.4188501679312705
1016,0.5384704090083297
1017,0.4516046022790768
1018,21.486798629604586
1019,0.2194758633141294
1020,9.60620058284889
1021,-0.5482580239344826
1022,0.016942933464210868
1023,5.228480612891591
1024,-0.26957196310235615
1025,-0.7195205680993654
1026,-0.8606822744211666
1027,-0.47243983577081405
1028,-0.29284156958068464
1029,482.1191235024066
1030,-0.25280985612623796
1031,10.574806368071227
1032,-0.35722276211754866
1033,-21847.340079999998
1034,-1.1045473474151897
1035,1012.1177109937942
1036,-0.8071891063241499
1037,4.1595741925036105
1038,-0.36531621093648
1039,-13255.97165
1040,1.5474158212960405
1041,-17471.05447000002
1042,0.40671096526015993
1043,-0.9428476833858649
1044,-15425.04809000002
1045,671.3481729508454
1046,-0.0284308801283466
1047,-7603.9551499999925
1048,-0.6697410707856831
1049,0.7116611441461521
1050,0.39331962957134703
1051,35.68519681871831
1052,-9825.136719999991
1053,0.9842291226927639
1054,-4.021647335130752
1055,1.0917375110824612
1056,0.09019958840364013
1057,-0.16003765334478112
1058,-1402.6793600000005
1059,-2.288631934707928
1060,0.3946503104304861
1061,0.6600016626932764
1062,613.4020096629419
1063,-2614.4772499999976
1064,0.7089644039266075
1065,-0.8833057201660629
1066,0.3785914257083809
1067,-3103.570090000005
1068,1.1024430142303814
1069,-0.7933818854098176
1070,3.065300642693159
1071,71.87455599536197
1072,-0.8174215741078382
1073,-4.103701987330779
1074,-5410.864519999988
1075,-1.0867928808296132
1076,-0.33894468432487274
1077,-9667.415389999987
1078,0.7519876416219284
1079,-0.6069278469993943
1080,-709.4903857889626
1081,0.14856169819021228
1082,0.35096413338659144
1083,0.9683309325295352
1084,0.5763387773891149
1085,1.373933079814716
1086,-10977.830229999996
1087,-0.6021000258045309
1088,2.0161033487449793
1089,1.2654128373233626
1090,-1887.4902999999977
1091,0.3771756948479138
1092,669.4629800000005
1093,-0.8848564021186424
1094,409.06390164224814
1095,0.12333177834855867
1096,3.400760472936909
1097,-5.227035801078146
1098,468.33805471859205
1099,0.35452543766539746
1100,-1.0206024401447336
1101,-0.7347957468396449
1102,0.099378224371702
1103,-14959.57219000003
1104,0.5115764837290848
1105,0.49164111020726453
1106,-11192.417099999995
1107,-4306.974660000001
1108,0.9981050916334142
1109,0.4317150295046916
1110,-1.0281373925180528
1111,4.678412899220145
1112,-5629.151709999998
1113,-8997.568120000004
1114,-4075.538880000005
1115,-0.11052652204922876
1116,0.34582136848368744
1117,-0.7006212239540225
1118,-0.5777907652417336
1119,-904.3582896333227
1120,17.452270867618633
1121,-18105.006470000015
1122,-0.03801301890340117
1123,1.4343634902528513
1124,-5116.570279999999
1125,-2623.774279999995
1126,-0.5140369878088077
1127,-2.3647614259382332
1128,-7338.729020000004
1129,-0.0593850767124551
1130,1.1498113439899995
1131,-0.4279033026361118
1132,-0.04898103117625624
1133,-7.7789513453545425
1134,-0.4729765687593207
1135,-0.3097521076987725
1136,1.2306295827335576
1137,-0.32614258979379673
1138,-11447.14860000001
1139,-5930.573750000003
1140,-3043.8166699999947
1141,-0.012787959034581972
1142,-3049.427630000009
1143,75.03614208975775
1144,0.01710709619525745
1145,-0.46051137595908587
1146,0.6638759577963266
1147,-14.775305413608814
1148,0.8817429905725247
1149,1.0002526246843593
1150,-0.64879563542615
1151,-879.1182922684841
1152,-1.6419948312675352
1153,-2.8929085277266013
1154,-0.5288647229923564
1155,1915.0844700000048
1156,-0.627023589656308
1157,1.5811007640101336
1158,-1.5250571937196997
1159,0.7600383183885747
1160,23.360940913472692
1161,-10786.66594000001
1162,-3232.2714599999986
1163,-0.6953658111837251
1164,-1.9042139059149183
1165,-1.2750179496532228
1166,-2373.1764999999987
1167,-0.3174314840139394
1168,0.5088210151480799
1169,-4150.365849999985
1170,-0.2833796954292129
1171,-0.18147167167618472
1172,-5501.049620000002
1173,0.10045583875233649
1174,1348.8960582678371
1175,1.3419897972244632
1176,-1.3132301224560368
1177,-23617.977350000026
1178,-6360.442019999999
1179,-15025.00987000005
1180,-4212.468880000012
1181,326.16740000000004
1182,24.864002967393986
1183,-3017.4098300000032
1184,-2.1181690918761027
1185,-4873.92314
1186,-19.781111331843764
1187,1.1379333874502189
1188,-13978.292120000004
1189,-0.20509813945357186
1190,1.831754367813334
1191,-7019.430960000019
1192,-0.12030200063384934
1193,1.2252991076195616
1194,1.1841033540811068
1195,1.0311290387123906
1196,-4502.723860000002
1197,-0.20199072336764026
1198,-0.14774279906932106
1199,-2981.32344
1200,-1323.0627400000012
1201,17.56182805926377
1202,-424.1195759673307
1203,-0.367685280753901
1204,-5542.8093700000045
1205,2.0070030230316385
1206,112.71928806439105
1207,0.3615673741851056
1208,-0.37036326179981804
1209,0.39801847546657204
1210,-0.39726055066839716
1211,-2582.9401500000045
1212,-0.30613647343731454
1213,-0.03878989119208376
1214,0.18497334092978984
1215,-0.7847580722942747
1216,-18063.563829999977
1217,-2092.5107135879366
1218,-819.4378599999991
1219,-0.6122772506473189
1220,0.3637709074533052
1221,-0.2412563972232389
1222,-469.5447927749818
1223,10.120320000000007
1224,-3423.5710100000056
1225,-0.08682878424623922
1226,-10820.663429999982
1227,4.722219802290323
1228,-16946.367170000005
1229,-336.21895000000046
1230,759.7564562199598
1231,-0.08149407061004629
1232,0.7101133171555751
1233,387.8352380896477
1234,-3152.08786
1235,-0.20864171601721515
1236,5.501179521824709
1237,0.04952565477155952
1238,0.3941136782845493
1239,5.5935526760643945
1240,316.3394189487904
1241,-10.815034924634375
1242,0.5868339117614162
1243,-0.7354745430097719
1244,-1.977823046500609
1245,4.907340401580938
1246,-0.11279124274627716
1247,-0.3025430724268777
1248,0.4295498762263447
1249,1.658441008650868
1250,-2616.7165799999952
1251,-14865.491940000033
1252,-0.4947869495397066
1253,1.0905201198929801
1254,-1.1375937659032367
1255,4.639324623708891
1256,-26.710469999999887
1257,0.5905202259534942
1258,-11485.58456000002
1259,-23745.669210000062
1260,-26974.208410000043
1261,-5115.39155076524
1262,0.24101119858185752
1263,-25796.81311
1264,-1.3795207894392914
1265,2.1437631171220644
1266,-2505.3723199999954
1267,10.656588918944538
1268,-0.9851934461678469
1269,-0.33827343761106315
1270,418.2564334069124
1271,1.2562202078359122
1272,0.36575807586985964
1273,-0.46331453333089984
1274,-16960.927470000017
1275,0.8462652900447751
1276,-187.93151673919266
1277,1.3127022138475346
1278,0.1861076950956755
1279,-7072.566249999994
1280,1.3434192432090302
1281,-0.05732461834813723
1282,-13762.840990000044
1283,1.2504088828689526
1284,0.19193255812813478
1285,2.3719783888010273
1286,4.560419154032692
1287,-7941.896120000001
1288,-0.9042755459042952
1289,2.978169446164934
1290,-0.377284603490902
1291,-1682.6918099999996
1292,-0.5956185938458088
1293,-0.4624783112145923
1294,-0.286895347858493
1295,0.7047410244930784
1296,0.16656318986222926
1297,-0.8485293877647174
1298,-4.5506935797203685
1299,-4338.783190000009
1300,-2577.815949999997
1301,-4046.1117800000106
1302,-0.3603578464881859
1303,-0.7411108766981647
1304,0.6434065227859322
1305,0.30964793258949175
1306,0.251037226219691
1307,-0.34152049366408443
1308,0.02171863356927157
1309,0.8416931440667713
1310,1.8536960601233532
1311,-1.782694740619017
1312,108.17734423754331
1313,-20904.00234000001
1314,5.256455027517081
1315,-2716.489560000003
1316,0.053589701998096276
1317,-151.62982401776623
1318,-16911.973510000054
1319,1.6841910083301428
1320,0.23266869545940003
1321,-23429.52525000003
1322,0.8628593883171395
1323,-7.237423126051815
1324,-2.6990530593269
1325,-0.11040358435538887
1326,0.967634704074334
1327,0.5057628464271353
1328,-2926.2798800000032
1329,-0.48359339202830864
1330,0.11801290006345194
1331,2.256259692917218
1332,1.0640998607199685
1333,0.13570801571768834
1334,-0.3353299707997784
1335,0.8651584903151591
1336,-0.05403880760573558
1337,-5816.212370838246
1338,-5.9467778957692845
1339,-0.5072812564344973
1340,-0.181915879501233
1341,1.5622704207603044
1342,1.6202891985966998
1343,-12276.207439999984
1344,0.4636105429678676
1345,-12571.436120000018
1346,0.3572307280446342
1347,0.15723959374673302
1348,18.200452926441024
1349,-7834.222589999983
1350,-212.99881656686466
1351,0.3207547618816548
1352,-16601.815430000002
1353,0.08938346017370917
1354,-16.250830915891225
1355,-280.6272343204802
1356,-1.5136442422157086
1357,383.0915741194904
1358,-14072.27737
1359,-0.22106937178884184
1360,-12518.516539999993
1361,-0.37218365755548877
1362,-2788.044219999999
1363,0.863060292372703
1364,-0.18263843733943866
1365,-1.109825983545717
1366,-12232.869919999965
1367,-1.57821707808433
1368,-4.626473537093122
1369,0.0825009719157341
1370,-1654.9060599999987
1371,-4515.546329999996
1372,-5048.895399999997
1373,-0.7084141920694172
1374,-0.5337110536105593
1375,0.41321703713308444
1376,0.027907373146294708
1377,-0.4705250407749772
1378,-12148.294349999971
1379,379.8542371067107
1380,-1.216170668370002
1381,6.131075426120704
1382,-3171.9247499999947
1383,0.005486108981601708
1384,1.4442645644467595
1385,0.5905529710792442
1386,-0.3275710801994773
1387,-2591.8369000000007
1388,-7372.873360000008
1389,-0.561982144144991
1390,-0.8799149940250094
1391,-5753.414480000006
1392,-1.012158637266112
1393,1.2015116465430231
1394,27.359448942988575
1395,-1.3930517060623817
1396,0.24656128899013863
1397,0.2576206568127608
1398,0.15969053013766277
1399,1.450815778341854
1400,2.1475471750649633
1401,1326.8049942397224
1402,-0.29893810655412784
1403,-3430.3789999999926
1404,0.16686171698279964
1405,-0.2774964094588405
1406,140.0117975384364
1407,0.9024385944194065
1408,-0.3756596453698808
1409,3.559172429947369
1410,-8904.868860000004
1411,-0.8258199610793466
1412,1.5463532611348811
1413,-2264.8985
1414,0.49426424316529843
1415,-1.8741028084580307
1416,-0.7456286397190139
1417,-3397.7339616091276
1418,0.13950345658772081
1419,-2274.707098281301
1420,0.2364927197093227
1421,-0.8492119326849561
1422,0.757307629314754
1423,2369.0813914875785
1424,-1201.9300600000017
1425,1242.1944899999987
1426,-0.054794055004094545
1427,-3066.8118500000032
1428,-0.6289353853973247
1429,1279.3899541898245
1430,-3904.2026200000073
1431,-0.1451804353005917
1432,0.018369596854080444
1433,-6.857650932391246
1434,-3.9685306585027074
1435,-10714.10606000001
1436,-20667.18787667977
1437,-0.9002517641130733
1438,-3558.694100000005
1439,-4927.568249999999
1440,-2.5243439129885705
1441,-8855.223669999987
1442,-1.7061317463234746
1443,0.8350499431886754
1444,-0.004625618533819093
1445,0.4355668495602043
1446,0.09912483627496387
1447,-1.6533928280304073
1448,0.16359878697681984
1449,-2.938068914871073
1450,0.9206052815054728
1451,-0.2742031276266575
1452,-0.2605830331432459
1453,-1243.0006500000002
1454,-3190.87155
1455,128.19503909242454
1456,-2757.2959571479887
1457,1.7665962216736035
1458,1.6727069556916412
1459,0.6724795224330433
1460,-5181.864260000001
1461,-0.3673998979060853
1462,6.3578731645197255
1463,-0.5023927761089195
1464,0.12060320987241079
1465,-141.56067661517054
1466,-0.032831508982517126
1467,-3109.916590000005
1468,-4006.1372299999994
1469,-1354.5209800000005
1470,0.571989080730924
1471,-7100.697849999992
1472,1.2026044167064422
1473,-1.139698543262506
1474,0.9548083433643485
1475,-0.6798816140328776
1476,-3408.7746299999985
1477,-5060.836009999999
1478,10.772084653442047
1479,1.042637228489547
1480,0.680016864071203
1481,-1.0758610546622045
1482,-1.046555197210677
1483,-1844.2731899999935
1484,1.080078439785846
1485,-0.6196448724456564
1486,-0.24868677379991241
1487,-8382.48023999999
1488,-2.4283051948884937
1489,0.9355723455108778
1490,-7700.635169999993
1491,-1.2180302156674383
1492,-2398.3495500000013
1493,-1.2777805911320435
1494,1.4457289190264742
1495,-519.2975509882175
1496,-13336.420020000005
1497,-734.2392100000002
1498,-0.7222396145613134
1499,-10345.487079999999
1500,210.44939327724137
1501,-6316.042609999999
1502,0.5376559843033241
1503,0.32047588737308286
1504,8.68987872002363
1505,0.5508644998447426
1506,-6065.702949999995
1507,-0.09387898380985979
1508,-803.8699800000006
1509,468.8419279086037
1510,750.5587499999997
1511,0.1433960430492333
1512,6.0045448368193055
1513,-0.3073886994285965
1514,0.0679781681051403
1515,0.7331095060913431
1516,1.6205788991999588
1517,47.50596616228597
1518,7.616014745456625
1519,3.4669554964148293
1520,-1.3946532957829771
1521,-2547.568950000002
1522,-0.38677464329350814
1523,384.76944
1524,0.20672993072043622
1525,-14161.628099999996
1526,-1279.1186000000014
1527,-0.4123457508098104
1528,584.6612180443034
1529,-0.7652865555739077
1530,0.05429104794358161
1531,372.4672581155926
1532,-0.08864387837385707
1533,0.6415712651752212
1534,-0.9555049514721567
1535,1.271482208675179
1536,-5570.1904700000005
1537,102.39584745886685
1538,2.172747344791469
1539,-402.2432270147646
1540,-24.916695241005606
1541,-6141.978959999989
1542,-5350.786640000002
1543,-0.7114083644416687
1544,-0.15149429298831257
1545,0.8396068433126778
1546,-28818.644315142534
1547,0.39427102483567666
1548,-0.18688397932285628
1549,0.8417017810940538
1550,0.3228080861045662
1551,-8669.787739999983
1552,-0.18057107741517706
1553,-2433.9165852502206
1554,-18516.25692999999
1555,-1476.450310000003
1556,-3.5163536706251888
1557,0.14672410134255268
1558,-29902.68896
1559,1.0090206920195628
1560,-2.1323597683131656
1561,0.8561509657710873
1562,1.2038465900421014
1563,9.012114591899802
1564,0.3902617650341963
1565,-0.12681211119785168
1566,-2.6846133512632226
1567,-0.643490533722754
1568,-0.945081220155149
1569,1.201665846221762
1570,1.2861549987922716
1571,-3961.6644500000007
1572,-13322.53171000001
1573,-4843.413740000003
1574,0.04236211936699627
1575,-6.3605058842176625
1576,3.3285340667565655
1577,1.2371937332953513
1578,-1.275656869554751
1579,0.9743425941273585
1580,-8285.207840000014
1581,-0.3110331985692031
1582,-11.150167321082618
1583,0.4677133393549303
1584,-0.678585731773661
1585,-1.1329659626889368
1586,-7407.912479999996
1587,-0.8239416149407854
1588,0.4925747166651251
1589,0.6205422247733232
1590,-6143.341855250213
1591,0.041719409598769595
1592,0.7289855310381087
1593,-12398.817669999957
1594,-20700.656470000027
1595,19.762846302014342
1596,-9097.253889999996
1597,-0.2814721418157995
1598,-5683.132859999996
1599,-955.5288820274828
1600,-0.23313371606338162
1601,1.2922510932746674
1602,-4396.266629999985
1603,-2.349089713812086
1604,-0.2593045531836568
1605,1.1258099312981342
1606,-3.293464845680925
1607,-1.9636225541451744
1608,0.9358248075712754
1609,0.2987878640570632
1610,0.32712538013265785
1611,-12833.972450000021
1612,-0.3671165526835101
1613,-5033.077150000003
1614,-2962.7376900000054
1615,3606.911379248189
1616,-1.268553230499675
1617,-0.7643824256529781
1618,-17484.377590000026
1619,3.164015123034564
1620,1.5549364761791284
1621,-23730.301909999984
1622,0.4163601438884303
1623,-504.0301999999998
1624,-1.4084266236844027
1625,-1378.7096878424147
1626,0.03846478311848002
1627,0.18229635471616515
1628,-1736.2723599999963
1629,-17045.851660000015
1630,-0.3362596976780183
1631,0.4522159180723255
1632,-0.7141081063624752
1633,1.4837238259899317
1634,1.2405619016385965
1635,-26888.839780000064
1636,0.372783852815458
1637,0.4399376182304747
1638,-5686.980479999987
1639,-0.6937742226466672
1640,-14902.92236000003
1641,-5622.880270000009
1642,0.5332416824920643
1643,-0.05249883165223788
1644,2211.0864499999993
1645,-0.10857652058496867
1646,4.945085493255905
1647,1.4880966787567593
1648,-0.7744065620781603
1649,0.1579135008720025
1650,1.5967305965196832
1651,-6054.766179999992
1652,-15076.505230000002
1653,-4261.65311
1654,-12918.145850000019
1655,-0.19290774839408173
1656,1.1783872542368043
1657,-0.2524463365772622
1658,-1.9586892372663736
1659,-0.7618671801086818
1660,-0.6978784844910986
1661,-0.6276120963422076
1662,0.9740566905673823
1663,0.6650122004726061
1664,1.711215977486271
1665,-2.9310503935146697
1666,-11305.979090000013
1667,-16040.909700000026
1668,13.343275106810013
1669,-0.5790999952269205
1670,-0.1649364533061531
1671,-1546.1335500000016
1672,-6394.43174999998
1673,-5558.924819999987
1674,-1403.3066655319658
1675,1.4974103266385388
1676,-1.8336633774838293
1677,-217.5073900000002
1678,1.4745263072966157
1679,-13710.166470000007
1680,-1.866761122581487
1681,-0.14171469902484668
1682,0.15830468194454314
1683,0.20721608673078787
1684,0.6859244256506362
1685,-0.4736819882236302
1686,-0.8488124006106369
1687,0.6498587092336943
1688,-0.6511270361388676
1689,-0.08418476851601289
1690,0.08295196681360587
1691,0.5774112198889224
1692,-3214.2226800000035
1693,-0.6870685609009358
1694,-7197.908039999998
1695,-809.1046300000014
1696,0.6978616111009184
1697,2407.657730000001
1698,0.744699449442785
1699,0.012300680504602852
1700,-2229.1427800000074
1701,0.16745073901992286
1702,-0.8681695834415364
1703,-5346.8461900000075
1704,1.2338947184211977
1705,0.39331218163236836
1706,-34318.80298000003
1707,-0.25975006764062264
1708,-2083.1884999999993
1709,0.2188475156969464
1710,-0.03862165113765683
1711,-3182.630910000001
1712,0.1953904037137514
1713,-0.8285948230173081
1714,10.83885904058082
1715,-3760.6401099999994
1716,-0.40920659400817555
1717,-9220.18489999999
1718,-6311.105619999994
1719,0.14803708376508332
1720,-0.4475988694779209
1721,-4738.716969999995
1722,-1.0061046105895417
1723,-1204.6023899999996
1724,-19042.40153000003
1725,-5591.708590000001
1726,0.021566731980196093
1727,0.6323120292609401
1728,-0.9735690437740867
1729,12.207741704187201
1730,0.5814187319103815
1731,-0.5720354666051348
1732,-79.60592999999965
1733,0.0529521013392023
1734,0.3676803768296312
1735,22.047474463314916
1736,-24098.34597
1737,0.8331195715503907
1738,3.947663655836027
1739,1.227060267524139
1740,0.18561077758294633
1741,-1.0720968272402185
1742,-3383.8510399999986
1743,139.5021799999998
1744,687.7860499999997
1745,0.32829149303755223
1746,-1.8740549454366255
1747,1.748136358468632
1748,-1041.964699999998
1749,-2641.2082599999976
1750,-965.7054599999991
1751,3.256142185357361
1752,-0.06268527118634923
1753,-4.985115076795647
1754,0.7194524702378838
1755,0.3803137477259264
1756,-0.15091329422892358
1757,-2774.7379100000026
1758,-0.7705305268671174
1759,0.11917513593993427
1760,-0.061642213352486264
1761,-2.5176739599204017
1762,-0.8587689837958581
1763,0.016050247431962514
1764,-5032.690160000001
1765,1.9124638364516542
1766,-1.9388698049494968
1767,-0.6610651484359235
1768,-23709.708179999994
1769,-854.1970200000006
1770,0.7706550310963068
1771,-8725.065290000004
1772,-0.08527598963031396
1773,0.5916025477829062
1774,-0.050045092129205396
1775,-0.9362164784279169
1776,-1.2659103305471235
1777,-26854.444530000088
1778,-0.20574777904857663
1779,-1.3610437340972117
1780,-1.0935537782208566
1781,-7340.954720000004
1782,-8127.925489999991
1783,-8213.261879999995
1784,-4220.77055
1785,1.2094037120626888
1786,0.3323515939158377
1787,-4.9010113181349055
1788,-21603.142470000046
1789,16.722780749815684
1790,869.9792565396106
1791,-6729.464689999991
1792,-0.8271898382536808
1793,-14508.086039999982
1794,-5527.596489999997
1795,-0.5650339842409132
1796,-18782.120210000016
1797,-1.8859518789706704
1798,-5740.528469999996
1799,0.6905336471689477
1800,-4065.096000000002
1801,0.015475904923209837
1802,0.11802432755975151
1803,-0.34737544170432044
1804,6.248926519631953
1805,-0.3906759883583641
1806,-2319.4334800000015
1807,1.7101119036825045
1808,0.8619568663727558
1809,-5242.498569999992
1810,-3480.1228200000014
1811,2.075520430666477
1812,-0.19954648058515218
1813,0.2164089572480167
1814,0.9331024853842826
1815,-1.517109832707055
1816,-0.304556254068023
1817,-4922.695279999993
1818,1.7116711650124972
1819,-12.810774008810705
1820,479.8989100000003
1821,0.0020333043460358303
1822,0.6235452222384076
1823,-3534.5735899999913
1824,0.6046171978763802
1825,-3679.1024100000004
1826,-8918.243400000008
1827,-0.21363969043179362
1828,-6309.838610000001
1829,0.26610740018560325
1830,-12879.229769999994
1831,2.3829236510820055
1832,1.1010183456014406
1833,2032.4879699999965
1834,1.0483196588469668
1835,-212.09230121139265
1836,0.6847497778468562
1837,1.0873382038424413
1838,-1.0982733388012376
1839,-33875.64956999997
1840,-0.4181396743086539
1841,1.4582226720988898
1842,0.22901165166971435
1843,-7545.76184999999
1844,-3160.6588100000026
1845,1.1787614685406405
1846,-9.92746282995176
1847,-7163.704059999982
1848,-6.627675569603303
1849,0.950688452399314
1850,-11626.89018000002
1851,1.7448922086053742
1852,-12694.12046999999
1853,0.2679416302629987
1854,0.21753599563860018
1855,0.596312952526316
1856,-1916.011763307921
1857,-15.501120943552957
1858,-13258.81368000002
1859,1.4084284741154744
1860,-0.13495159433246195
1861,-6.481276951672738
1862,-0.12097879696177398
1863,-2978.82492
1864,-0.7688489259952431
1865,-10896.55152000001
1866,-1554.4875799999986
1867,-0.09804979671541583
1868,-226.08192999999983
1869,-0.21795597301605132
1870,1.0539175148270943
1871,0.5403880325849136
1872,0.275558500920151
1873,-3506.648411581492
1874,-1.01454329267943
1875,-9340.380860000003
1876,0.8209544905382928
1877,0.9128865263963678
1878,-5912.431999999998
1879,-2861.420389999999
1880,0.731614822173217
1881,0.4404239305416674
1882,-2.823672773246231
1883,-6745.38258999998
1884,0.4449121304124442
1885,-3.452446606458133
1886,-0.1912302809826639
1887,-401.48752925916074
1888,-13642.76527999996
1889,0.5493886685832138
1890,-2680.0328500000023
1891,-29711.071040000035
1892,-201.59933999999996
1893,-0.7932206850509792
1894,-2178.4468100000013
1895,3.031250843638406
1896,0.6130752890997225
1897,-7930.988456516011
1898,2.4515948178297857
1899,-17111.808190000007
1900,-4561.115059999998
1901,1042.0859365709991
1902,0.07625206377344759
1903,-0.6589964782847165
1904,-7620.375819999996
1905,-2280.417370000002
1906,0.17164130119710097
1907,0.4539546932379298
1908,-10746.061689999986
1909,0.3984230632161707
1910,0.22057394508073513
1911,-5727.815729999985
1912,62.384281062202305
1913,1.0696617650418256
1914,17.974575201675876
1915,0.9845293133735027
1916,-16923.54995999998
1917,-0.2996003558367703
1918,-2476.1648399999976
1919,-7365.664180000005
1920,-10.916658748280273
1921,0.82167665132513
1922,-0.2522174624354215
1923,-2643.215352307554
1924,-0.25463817148901724
1925,12.447690945523924
1926,-0.6375860467997266
1927,-4728.201509999997
1928,-12.141409377879233
1929,-6862.967700000012
1930,-3185.5298650414747
1931,-0.6112091892713297
1932,-1764.989271683329
1933,1.763143672522173
1934,1.1571142259586753
1935,2027.2771500000006
1936,-0.7388434974056093
1937,0.8720940278886166
1938,1.990637936337391
1939,-8187.9961999999905
1940,2.093307490736268
1941,-5579.00336
1942,1.4451544972428183
1943,-0.1811618284617952
1944,-0.5069739077772436
1945,-3548.3682100000046
1946,-15139.932467635374
1947,0.8312572691447196
1948,1.3827807071432423
1949,0.8771714404708282
1950,6.593496413369605
1951,1.20341140817083
1952,-3705.2056199999915
1953,-11.164151372443479
1954,-6409.022009999994
1955,-10427.01643
1956,2.257461514406821
1957,0.3930993981966343
1958,-0.5789893306588865
1959,-2.683960639256602
1960,170.66380999999976
1961,207.9411017385272
1962,1202.7858727370144
1963,-14.428763872918612
1964,0.6507241839473
1965,-0.2830247651476243
1966,-0.5778228365683731
1967,0.5550650753675577
1968,0.7467950395362255
1969,0.3704177392373896
1970,-4008.827500000001
1971,26.76488526065272
1972,-1.1598595642437024
1973,-0.5597279608942975
1974,0.7514629706559715
1975,-4252.188249999982
1976,-12656.12372620528
1977,-12782.391559999991
1978,-0.7686946852182446
1979,-0.4049976695394716
1980,0.18366962448382707
1981,-14746.022139999992
1982,116.53975250129753
1983,-35574.38628000002
1984,0.7331812554698149
1985,-0.4140943540877506
1986,0.27537089125861647
1987,1.9523319169754714
1988,-0.11049988161087634
1989,-0.28664359746531326
1990,-0.35792693300040146
1991,-0.4068980804901446
1992,-17.087890373182592
1993,0.7262493726636939
1994,-5833.6510400000025
1995,3.988261505717207
1996,1.2332116200139407
1997,-815.0074500000006
1998,0.2594779317865903
1999,-0.1919997499325033
2000,-0.27167889373673365
2001,-0.43506797833763605
2002,-0.5013243826048465
2003,0.4117112895662815
2004,-1.6475522231977302
2005,-6.700962209701058
2006,0.13429824778242047
2007,7.6040934665206175
2008,-7355.03758
2009,106.76216465544061
2010,-0.23404198197412396
2011,-37334.40871999996
2012,0.9925787338940754
2013,17.390285821883232
2014,44.48979360535608
2015,-52.93194412084689
2016,-84.20882000000027
2017,0.8440715135231074
2018,-3448.7401499999964
2019,-18732.60133999998
2020,0.25858229151331064
2021,-15643.858099999989
2022,-10215.293649999963
2023,-2.523198372568835
2024,-0.5619031496218291
2025,139.90559000000042
2026,0.4016604639297654
2027,-1.453310415443398
2028,-0.9059839269352044
2029,-1.4421458830771532
2030,-1400.746950000001
2031,0.4115107048335613
2032,-5592.226679999982
2033,-14126.410120000004
2034,-28802.32935000001
2035,0.22586759835934764
2036,0.9043737401667468
2037,-299.16348202264606
2038,0.311968458642705
2039,0.4144314379718475
2040,-0.15108676559707684
2041,0.7153089011444597
2042,0.4677441531407827
2043,-1.7779965589125981
2044,16.546436589059923
2045,-0.7766093223033633
2046,-744.5014700000016
2047,0.4630990385293577
2048,-94.49563373280223
2049,516.9790478293469
2050,-2351.4226999999983
2051,2.8634263982097594
2052,11.510049307694452
2053,-0.11451807189616828
2054,-3960.1249799999996
2055,1.7307232870909672
2056,-13764.689570000006
2057,4.28841865919097
2058,-24063.20295000003
2059,-1.213407666027539
2060,0.7842160857453517
2061,-2.605442043821857
2062,1.6538822963860564
2063,-136.2922899999998
2064,0.5751006082118632
2065,-10868.960720000001
2066,1.5258727907026373
2067,-5429.340049999998
2068,2.7740041779044877
2069,0.9489371955218107
2070,-0.17948018671362223
2071,-4893.088929999998
2072,-10139.07689999999
2073,-2.1940811912364704
2074,2.242744974481021
2075,-0.13869964148727953
2076,166.10579590002646
2077,1.603683387120808
2078,-0.8685358640069778
2079,4.075906632516279
2080,0.05658538242863578
2081,0.6299522278582235
2082,-1.2728300683251998
2083,2.363812082555937
2084,2.7915007345324745
2085,-0.1158677643158298
2086,-0.5998567007126161
2087,-0.7145225719695137
2088,-0.12191162335714298
2089,-0.3585384014638249
2090,116.44660000000015
2091,-10321.42704999999
2092,0.42059254090859977
2093,-101.08819348871694
2094,0.7003038109002101
2095,1.628008204565078
2096,0.9648021204361691
2097,-0.2852214402923307
2098,-0.15914978619480455
2099,-1.5125374765312551
2100,6.147890542600984
2101,-0.790936480047448
2102,-7246.472450000009
2103,-6059.471680000005
2104,-0.22124655315597153
2105,-4712.627780000004
2106,398.05643999999927
2107,-0.5654281498672507
2108,0.734209185731221
2109,0.14584277788415637
2110,-11337.300900000013
2111,-11556.129230000004
2112,-1.4704538847522923
2113,0.3093454164085675
2114,-13508.660569999996
2115,-0.13331249742699408
2116,-1.1785547400623755
2117,-0.8189433756620442
2118,1.8263682507195984
2119,1.6532469722292165
2120,-0.013844235383915406
2121,0.5815084857403392
2122,0.2678294931413334
2123,0.35817172917721446
2124,-1.1045199625436013
2125,-12354.686589999978
2126,-489.4878300000005
2127,0.8257918564905218
2128,-10199.383769999986
2129,3.8146535466137264e-4
2130,0.03551291460994928
2131,-0.991389725423083
2132,23.497306082703307
2133,0.9005835770298869
2134,0.7242378703872517
2135,-0.25290875245063793
2136,-9487.230530000004
2137,-14231.03610000002
2138,0.4483429068796604
2139,-0.07192359211981424
2140,1.104768245439216
2141,-0.9290059247866769
2142,1.5416477255248917
2143,0.6862416816956902
2144,2.9364483618437407
2145,1.7779887543241424
2146,-0.5839641306534629
2147,-6851.59817999999
2148,-5851.672800000002
2149,-0.3628510223179321
2150,-668.9987000000007
2151,-9955.405429999997
2152,-4056.649383750082
2153,-0.6687866067483259
2154,-30704.766940000023
2155,-0.48906084304695346
2156,1.479336090238209
2157,-0.7586652147366806
2158,-8608.368159999982
2159,-1.7675232585941987
2160,1.6954134756371835
2161,-0.08040940316043425
2162,0.2341906545100475
2163,2.331762209046386
2164,0.9834574190180607
2165,-6.399630833759729
2166,-0.2956306623207331
2167,63.909171748262914
2168,-17533.73885999996
2169,0.5077155647618863
2170,4.883679940225068
2171,0.5962590345761654
2172,0.6455016242865865
2173,-0.6365042539121568
2174,-11308.891469999997
2175,0.48385295781109494
2176,0.7946505596699552
2177,17.263304576170146
2178,-0.25847682774627717
2179,-0.19012039040483586
2180,0.858293420058368
2181,0.1332417857539042
2182,-11959.541019999995
2183,-0.8094984062405292
2184,1.0487174627559122
2185,-3.123312057628516
2186,-0.49118149007880507
2187,19.203217265059674
2188,4349.462765206715
2189,-1726.8721399999986
2190,-0.9047331527263109
2191,-0.9660184534646498
2192,-8863.963150000007
2193,-0.6119457357527316
2194,-3783.25036
2195,15.79172098076673
2196,1.7810131668323776
2197,-1.145005792342125
2198,0.27788555988232805
2199,10.706495110734496
2200,-3.7082191563285902
2201,-1513.2455900000004
2202,0.6795667384002699
2203,-8577.28660999998
2204,1.0190259348755797
2205,-0.6158568625667644
2206,-4.749824887281905
2207,-0.25197121409200973
2208,-0.5522108976576466
2209,12.69992539388736
2210,0.6454016546865737
2211,-0.7957817642471262
2212,-0.3436568186233821
2213,-8873.774110000004
2214,-2.2922679677866973
2215,0.5255259356408303
2216,0.28687164678300064
2217,-0.7376447819679177
2218,-11.86480854066018
2219,-4657.261820000001
2220,-0.20031275663755949
2221,-0.34132707576072424
2222,-19.873482951517786
2223,-0.7045724236067077
2224,0.5942459953660829
2225,-0.4910608551381642
2226,0.7871770866221384
2227,-5390.5313360769205
2228,1.0678223706748429
2229,0.6403357642631785
2230,0.3100738952978334
2231,-2804.0510500000037
2232,0.7161517393422449
2233,-11881.943249999993
2234,-0.325745726791109
2235,1.640153439279475
2236,-26329.88258000005
2237,-0.2968413891338957
2238,1.856944526317916
2239,1.773638804535489
2240,-0.5633521411462693
2241,-0.3331285738005796
2242,-624.6359499999995
2243,-0.808419314844148
2244,-0.51836493948208
2245,1.2562014690986314
2246,20.15635732358505
2247,1155.5647600000023
2248,0.4011432264139483
2249,-6227.063469999998
2250,0.09623234947849363
2251,0.970818707819641
2252,-2.595748645171784
2253,177.57895953013397
2254,-8131.8101200000065
2255,20.843624384745137
2256,0.5828496469025177
2257,-17204.280530000004
2258,0.3870058585996698
2259,-0.23494451581408157
2260,1.1294364273830728
2261,-0.04112467810608114
2262,-5217.274760838244
2263,0.449205957579829
2264,-0.7455217963468244
2265,-0.3606358566581037
2266,0.900703692270307
2267,0.27328700145236867
2268,-0.40489642636780543
2269,0.7749743458640254
2270,-0.8376223983333928
2271,-0.4624182991314227
2272,0.10823826592839887
2273,1.3769349573451866
2274,-35470.36388000002
2275,0.29826462150306393
2276,-17285.820440000014
2277,0.8976079015846076
2278,-8367.276859999982
2279,-2019.550129999994
2280,1.0271716078345743
2281,-1.0197591331128286
2282,-3613.803279999996
2283,-0.017498612632144573
2284,-0.07899634034298228
2285,912.527639999998
2286,-1.1129311621927223
2287,1.3892985752711462
2288,-0.02560685274904202
2289,0.7898390845793816
2290,-1194.1201600000002
2291,1293.8095562598005
2292,0.8120945509397475
2293,-0.6915124200344851
2294,0.22250692984468065
2295,-4780.40596
2296,-11.46067937307581
2297,-0.47145428808898665
2298,-0.10192581692539102
2299,-0.6916077365060503
2300,1.7198035205820474
2301,-268.75490746994615
2302,1.2272552698048098
2303,-262.2555880227068
2304,-13775.293269999971
2305,5.1522487033649265
2306,-3368.96384999999
2307,-0.34236700628862105
2308,-6.784317390414652
2309,0.5030434557602042
2310,1.3983403643475378
2311,-3206.6143099999995
2312,-7046.518010000009
2313,0.35242810514909756
2314,0.52853700231868594
2315,-24854.142410000044
2316,1.0878405023421416
2317,23.289852517910784
2318,-0.21484628477357204
2319,576.6786300000002
2320,-0.14142043577946545
2321,-0.24938917393663215
2322,0.28922520206922464
2323,0.05954702157442618
2324,-0.8621574412217227
2325,-1.0545609123192474
2326,2.0452742508347503
2327,-4641.5580199999995
2328,-1.9372149214794125
2329,-0.7947815843247094
2330,-3.2130128586879705
2331,3.937153178575855
2332,0.5294483996531636
2333,-0.6722032716200854
2334,-2220.965300000002
2335,6.839397386853567
2336,2200.3096076100146
2337,-20255.71107999999
2338,1.859670229368549
2339,2.95888077851585
2340,2.1397103195481866
2341,4.402888587690217
2342,-3724.6482700000024
2343,-6129.990590000008
2344,-3.2134970766291606
2345,17.807294884503055
2346,-9445.066769999998
2347,0.10847641129207385
2348,-0.6368958603657098
2349,205.81722866330955
2350,0.7792357191414981
2351,-0.12938109511659232
2352,-9816.591799999984
2353,-0.6047542117001912
2354,-1612.038709999996
2355,0.2656441327778217
2356,-1800.514923307921
2357,-31553.19525999994
2358,0.8343817815545224
2359,-7964.088929999979
2360,1.7146391525362794
2361,0.1376900732711132
2362,0.808751214820708
2363,-18179.454739999972
2364,0.41688723281947204
2365,-0.5528319831635529
2366,1.1666372438717503
2367,0.12021517851650079
2368,2.0537827078018625
2369,1.4267221809809674
2370,-2767.0778
2371,-4017.03955
2372,-11501.973430000002
2373,2.816455099172471
2374,0.4022327463011916
2375,-8677.248440000007
2376,-1387.7777900000021
2377,-0.42358464968860726
2378,-1737.7424600000031
2379,-1.3973695121988121
2380,-0.18000533592273468
2381,1.1290244824309719
2382,-2998.273089999998
2383,-0.6179369892462305
2384,0.08910583029885953
2385,-5.618117454509266
2386,0.8817495284346802
2387,-0.9238118596370354
2388,-1808.7276455319688
2389,-2596.0077168855523
2390,-7536.140729999997
2391,-1.5422230756778827
2392,-2.1305461650337434
2393,-0.044730363868452104
2394,-1204.7028400000029
2395,-9231.473479999982
2396,0.7337491388213031
2397,-0.6049462874752587
2398,0.469753980687908
2399,-0.3088509970950053
2400,-2.123807024664404
2401,-20557.232825937295
2402,737.0236985876684
2403,0.763637477011269
2404,2.968815036896818
2405,0.563606643965893
2406,-0.4668343297106491
2407,-0.13961360611938134
2408,-2.943116745895445
2409,-6932.230659999991
2410,28.058175213746736
2411,-4580.103760000002
2412,-4139.440519999987
2413,0.10447507355651654
2414,0.581792315049895
2415,-5742.312689999998
2416,-4132.912269999986
2417,0.48527799442142683
2418,0.8878966779495178
2419,-1.673663136961292
2420,2.5246235977326608
2421,-0.07566467363126274
2422,0.6459919780701163
2423,0.5467452180483054
2424,-4250.767760000007
2425,2.8046587697783742
2426,0.7427932024090795
2427,11.109834272487904
2428,-1.072412189995958
2429,0.5385958285586665
2430,0.28521403176004373
2431,0.3107272899952532
2432,-9197.054429999976
2433,-0.8485264529035257
2434,-0.0935685415102596
2435,-3376.0208600000055
2436,0.3227685306923286
2437,1.1030811217929855
2438,-658.0748139888764
2439,0.540211135979422
2440,0.20825480186690756
2441,-2054.344410000002
2442,-14015.487659999999
2443,1.4718974059087204
2444,-0.017536812539853702
2445,-0.10436168748327387
2446,-1.9541907418652293
2447,0.018066902859034787
2448,-1.3295574334210594
2449,0.6274352168918572
2450,-46.121435697152236
2451,-6033.560169999998
2452,-0.8603567426519931
2453,0.5386793233439087
2454,-0.002258823969368992
2455,4.623915638459885
2456,1.255605897983726
2457,0.039801203364525646
2458,-0.15910401492072787
2459,-1.1073114392730772
2460,-0.24796022448464144
2461,9.026174317451689
2462,-4528.556649999997
2463,-2356.5330399999993
2464,-2.2470046550102305
2465,1.0615114903650202
2466,1.1679417516243515
2467,-13009.350740000003
2468,0.9039421212254121
2469,1.0536358641865815
2470,-718.0861000000009
2471,2.412753570986195
2472,-5060.659909999991
2473,11.595932148453976
2474,12.557652884662206
2475,-0.5333002074993719
2476,-9.098739529679525
2477,-3.48045999999986
2478,0.579407192851447
2479,-14594.287400000012
2480,1.3194857845608094
2481,-14302.363200000002
2482,0.3505747433479479
2483,4607.823979999995
2484,-3383.386699999998
2485,0.46432443715898714
2486,2.0567048609893073
2487,0.03461735216584314
2488,1.8266392469211965
2489,0.27056157596941205
2490,-0.6310154560474096
2491,0.4105046531629549
2492,0.7258306154511757
2493,-4411.2296499999975
2494,0.5298089756283129
2495,-3889.3817199999958
2496,2.293849232237214
2497,-35494.09105999999
2498,-34529.84273259927
2499,0.2884010603676911
2500,-5599.340200000002
2501,-0.0217111295127988
2502,24.581358313325346
2503,0.13321351351796235
2504,-14909.042340000015
2505,-13532.299639999987
2506,1.7583131452739749
2507,-1.4676568953964124
2508,-7187.452050000004
2509,-9416.409300000007
2510,0.5037525856363848
2511,-2757.799230000001
2512,6.276411200700319
2513,-6084.423869999993
2514,-5009.819609999997
2515,-1600.7881099999986
2516,0.11813702532043849
2517,17.6890308471412
2518,-0.10761142839590383
2519,0.7688149709754382
2520,0.2562541821393335
2521,-3911.9731900000056
2522,0.5656514947293517
2523,-0.3292578093119968
2524,-0.9303841351306996
2525,82.69413420805833
2526,0.07642471129198226
2527,-1.0589856599390708
2528,-10.554966747206818
2529,567.9673164607453
2530,0.9306342359828771
2531,-0.4149280483064661
2532,0.24052474740163673
2533,0.5149034322854051
2534,0.5481345760289692
2535,-0.5004995309925456
2536,1.0134604939582674
2537,-2390.876493205664
2538,856.7569261882825
2539,-0.05959558216553325
2540,110.91586000000017
2541,-23218.191670000066
2542,-1686.837359999999
2543,-0.287029498069236
2544,-0.7612719460175922
2545,-12321.398259999953
2546,-3731.6684599999962
2547,-3.6349779478307127
2548,0.8454699561505937
2549,-4380.0887699999985
2550,-6045.754309999994
2551,0.3097496401646118
2552,-1.0815381737101106
2553,-0.376481537122646
2554,-0.21252234016695892
2555,-0.4092198480738232
2556,-15436.66286000001
2557,-1.6175078876331423
2558,-0.4555821486250652
2559,-4736.590449999992
2560,-0.8537726431692287
2561,-9728.865189999991
2562,-12925.538399999976
2563,-0.2621252262174186
2564,-6573.97595999998
2565,-0.13558749839863465
2566,-14102.834290000003
2567,0.05664843485317224
2568,-10227.81673999998
2569,-148.52091681583917
2570,12.151200136806525
2571,1.168218082108541
2572,1.1450324770279858
2573,-0.09296196377360526
2574,-0.014949893589610883
2575,-8005.3133599999865
2576,14.903624804738334
2577,0.10313988590064241
2578,-616.1504399999992
2579,-0.559075163179126
2580,0.07119848227577602
2581,-0.21940931986203638
2582,-17503.334420000043
2583,1.3314817204646963
2584,313.13635000000033
2585,-4857.829009999997
2586,-0.6917894642970615
2587,-0.07263822767557146
2588,-788.1689099999979
2589,-0.22274525632664216
2590,0.7918603364823185
2591,-0.49937854519079683
2592,-0.8185427208012539
2593,1.3673884123663131
2594,0.556007848225616
2595,-3950.2060400000037
2596,16.570602483490333
2597,1.3840943993160588
2598,1014.2488709195818
2599,0.007916866941404792
2600,-10212.192339999974
2601,-14.110109847729403
2602,0.6349535164455642
2603,-0.649565733598741
2604,6.212403072825219
2605,-2320.10533
2606,2.0012249299514555
2607,14.534990589515768
2608,-9999.86275999999
2609,-0.0671158594457724
2610,-1080.354270000001
2611,0.020079999587778116
2612,664.6248000000004
2613,-14786.025809999966
2614,5.665507739916836
2615,1.45514137313593
2616,0.8677194175017853
2617,-15730.370620000016
2618,0.9863962762765517
2619,-18156.899319999986
2620,1.1278336830561673
2621,-590.8732699999997
2622,-3351.9056899999987
2623,1.4543154931207403
2624,-1.0703295363929093
2625,-1.8327448548656016
2626,-11924.19751000001
2627,-4.812164635001536
2628,-28409.81697919218
2629,0.26040747239077355
2630,0.906137671090608
2631,0.5606934531726452
2632,-0.5319048577485455
2633,8.277075995460391
2634,0.1860463666132416
2635,1.5499313452711836
2636,0.9827560378256964
2637,5.900036254577889
2638,-3654.3343899999923
2639,-20116.304313238004
2640,-481.82848
2641,-7409.585300000002
2642,-1.412709040319851
2643,-25118.00668000006
2644,0.08506036340864864
2645,-0.3313583132717847
2646,-6009.737010000009
2647,-1111.9452054429646
2648,0.9664426001650921
2649,-0.40749903397765114
2650,-0.5760640689486739
2651,1.4813124850882275
2652,1.666250198305607
2653,-825.3369500000005
2654,0.7356668046493179
2655,-0.15506027865925784
2656,1.738524986899304
2657,1.6261400912124178
2658,-19834.237598073716
2659,-37122.91118112606
2660,-1.0621711572178087
2661,0.5348889056652881
2662,-2.462602596185762
2663,0.13544435321401754
2664,-0.2551130304544383
2665,-10764.97215999999
2666,-2146.6101799999988
2667,0.15309781302469336
2668,-0.5197377144405299
2669,0.8313217774797086
2670,-3217.250029999991
2671,-0.9493052150826922
2672,-8046.339920000003
2673,-0.15421704322485472
2674,-752.0848388178667
2675,-5127.8427400000055
2676,-1.8054054278866714
2677,0.6164601043170899
2678,-2235.035192194159
2679,-4950.51957
2680,-20777.10002
2681,0.2413320546187906
2682,449.73173251089963
2683,0.9423970690420355
2684,-0.004133079861039902
2685,0.8791888975524143
2686,0.0653810579101899
2687,1.1535605578347208
2688,-1.4954529809919486
2689,-443.31986999999896
2690,-1.2882923558922548
2691,-0.30808981200024366
2692,1.8753741629644782
2693,-0.16854886504542427
2694,-1117.1146299999998
2695,615.7380000000007
2696,-0.512582334307394
2697,1.1008349475429378
2698,-4727.122330000011
2699,-173.63811347744354
2700,-2.0806775554414587
2701,0.6335600307906444
2702,-989.9952099999998
2703,12.438552045931559
2704,0.11918534321159567
2705,2.3433695505795624
2706,-1.552896002561186
2707,-233.02012999999968
2708,1219.8255169841498
2709,0.7183620138216382
2710,0.3400448579817662
2711,1.9501576862813166
2712,1.4071760130151538
2713,-0.1874088987143673
2714,-5653.536459999992
2715,-3697.727520000008
2716,-7329.404449999996
2717,-2.0197598578103975
2718,1.2529163272253676
2719,-4153.793029999997
2720,0.841705751983626
2721,0.4346320425135001
2722,0.967377666899627
2723,1.4362258926031843
2724,0.33467711762777397
2725,0.7850162334939825
2726,-11817.697830000001
2727,-0.2585206185540596
2728,1.3553483740299506
2729,0.2112168163460715
2730,-4900.188579999989
2731,-0.0918698200675012
2732,-22785.36347000002
2733,1611.9852426288303
2734,-5362.791809999987
2735,0.003133397867870684
2736,2.9823739805392173
2737,-0.4579744883154683
2738,-0.04608248671388577
2739,0.7829650781920555
2740,-17.09670938088237
2741,0.8376802254171942
2742,-0.35390221068001854
2743,-8159.932260000004
2744,0.16097917620983843
2745,-0.640526074449993
2746,-0.9399033969321237
2747,-1.384677538463862
2748,1.5804444479867226
2749,-8580.045110000001
2750,1.221868696040099
2751,-0.06563515268364703
2752,-356.89418000000006
2753,-1.281925104734568
2754,-12781.739660000016
2755,0.2668609196748475
2756,-2405.120844265054
2757,0.24543857568467464
2758,-0.022770067876389813
2759,-0.6050766861894096
2760,7.459816461294183
2761,27.27120688895368
2762,-0.5057490038813648
2763,-7008.742770000012
2764,511.87181408518387
2765,-0.6434627461556502
2766,-7247.954650000002
2767,-8157.7230199999885
2768,-1388.8763300000016
2769,-9.800411836545315
2770,1.5797574184309884
2771,1.295727434078338
2772,-0.5877377932729956
2773,-23516.31910000003
2774,-0.3364648105868829
2775,-17925.415275887404
2776,-8835.746460000004
2777,13.273254513143009
2778,-2344.684540000001
2779,-0.9243232235717926
2780,-1.1006013489569126
2781,0.1697934663972044
2782,-0.31954985783008116
2783,-0.42424364793765124
2784,1.7387816047419207
2785,1.0211693061627136
2786,-1.2899130812034239
2787,-7010.408860000002
2788,0.028728701744767538
2789,-2.007554653679625
2790,-701.3203393060866
2791,-34058.937399999944
2792,0.8126509573694505
2793,-6473.027552436988
2794,3223.053147304267
2795,-9.196947928933534
2796,-0.47734322636008736
2797,-1.4351754716027332
2798,-0.9305893580014102
2799,-8693.064150000013
2800,-5.654722966545457
2801,-15.335987889707404
2802,0.14267728711900282
2803,-3733.641349999996
2804,1.550304903130094
2805,0.9221348996948304
2806,6.090877859042159
2807,-8501.606489999976
2808,0.5105805104111154
2809,34.0347902455263
2810,0.9315305869303414
2811,-17126.894430000004
2812,3927.4036750826244
2813,-0.5321088351708623
2814,0.4177345589882119
2815,0.580905102528887
2816,-1651.5491400000008
2817,-18383.381110000057
2818,0.10466330646742505
2819,0.9567461737784839
2820,1054.6476700000014
2821,-0.2520303489425002
2822,-8118.286770000008
2823,-30558.000420000004
2824,-63.72080417155328
2825,-0.7493117902659067
2826,0.5152655816634266
2827,0.4937400934920441
2828,-2527.06079
2829,0.30468648573826146
2830,-0.03240842711848865
2831,1.3079658349960033
2832,-0.11493297106779289
2833,-2316.9801200000024
2834,-6.8345937946053334
2835,-8885.964130000002
2836,0.30553220959059085
2837,-9.610421857732174
2838,0.35975820601552566
2839,0.7322215553101866
2840,-918.790169074591
2841,-6033.727389999997
2842,-0.6632907341124462
2843,2.2739998286072773
2844,4.294908996457132
2845,-0.6189440617804401
2846,-3.185862484717176
2847,-909.6914706367975
2848,7.13166520784824
2849,-0.15526481802279013
2850,1445.5550958506353
2851,1.6361294653144018
2852,-0.7730396415782146
2853,0.5423276940446762
2854,9.671121154530766
2855,-2.246563781548311
2856,-0.26411872006967074
2857,0.6488526803017741
2858,-103.398693240031
2859,0.7285320393898489
2860,-2914.251310000003
2861,22.289989112178212
2862,-0.7560029716914239
2863,888.6147933588696
2864,0.4080670737905324
2865,277.6900239724203
2866,-0.4637876391278241
2867,-1.0133556309313845
2868,11.923644913520898
2869,-0.9949746826567974
2870,-0.23359308838713386
2871,-6610.811250000007
2872,0.4344643333704597
2873,-17369.316310000006
2874,-28378.688330000026
2875,-14975.298590000011
2876,-22308.227710000003
2877,-0.8818936851399414
2878,1.1920004562703996
2879,-117.17319999999984
2880,-0.5027512359214692
2881,-0.6288927246745998
2882,-327.40956252402935
2883,-1.740321614262212
2884,-11615.561290000016
2885,0.17635058019555827
2886,0.37515606652821043
2887,-9275.508849999986
2888,0.6320649589155461
2889,-747.2247700000005
2890,-3489.170510000005
2891,3360.094515627397
2892,0.13705422316280472
2893,-2.479246238395425
2894,0.6879908928396106
2895,-0.003705011738509073
2896,-11660.788889999996
2897,1.291171829694383
2898,-36901.59645000004
2899,430.3805087759849
2900,9.596509403218834
2901,-0.019532947216864712
2902,-4.209549233011913
2903,-0.3480329003713459
2904,0.9811607219638365
2905,-21127.19584000006
2906,0.42412991102125136
2907,-0.8935837009964087
2908,-16790.22860999998
2909,-0.00382091627978042
2910,-8271.574369999988
2911,-21.919523229373265
2912,0.35041958754747266
2913,-0.6124916628236291
2914,-5216.325639999997
2915,0.6470990742760215
2916,0.7062550352363332
2917,8.575074301757518
2918,677.9661400000009
2919,-23855.399900000026
2920,-10405.313440000005
2921,-0.07049887581101023
2922,-0.5612614334513444
2923,-3.329562889268824
2924,-0.40448570094783615
2925,-1.9484770984861708
2926,0.23264143107888088
2927,-14436.590420000002
2928,-21022.543860000056
2929,0.2665488341346985
2930,-5270.224779999997
2931,13.387778339057544
2932,0.9265664551241641
2933,-316.0468900000001
2934,0.19727704641849372
2935,-4096.73701
2936,-3071.4357700000073
2937,0.7179213593955179
2938,-0.39855141441893016
2939,-646.832970469865
2940,0.16588654650519907
2941,0.11405696260547804
2942,-4079.896270000001
2943,1.411497509424959
2944,-2153.746520000006
2945,-85.19964671843749
2946,-1508.860360000002
2947,-1.0309973149973186
2948,3.950961058522819
2949,16.269703611848986
2950,-1.3322783644025453
2951,-1.6387264453353576
2952,-2946.418110000002
2953,0.3795251530643793
2954,11.413900335634622
2955,-20102.13851000002
2956,-0.6968509934475849
2957,5.151062909845833
2958,-1.5282782486052646
2959,-1921.1811200000004
2960,-8449.527049909528
2961,-630.9753999999992
2962,0.5532379542170464
2963,0.166860318920746
2964,0.12092156466536967
2965,-1.0149975859771128
2966,2.619862660932342
2967,0.08797846051022708
2968,0.6178853514082717
2969,0.2224115082709801
2970,4223.030078890011
2971,-0.5904454498076727
2972,-1.0896851334169702
2973,-6180.959749999993
2974,524.5175059061473
2975,-8173.3194299999905
2976,3.975393686084171
2977,-0.777104155857533
2978,-0.8076549403375715
2979,0.9365733338116687
2980,0.873888918400328
2981,-0.27058760586560543
2982,-0.26702811244908226
2983,-10.02700598308378
2984,27.10889660165751
2985,-0.0038236901412201435
2986,-0.29784036443134654
2987,1.4356263669286027
2988,-1.2603325715516251
2989,-0.4166177338221672
2990,-6888.4728700000005
2991,-1.007852772565889
2992,1.2866949527417535
2993,-10645.481780000002
2994,-0.48659959947450776
2995,-1.0167299416571385
2996,-1.0835077499708736
2997,2664.408047822652
2998,-8228.790290000019
2999,21.143678711152322
3000,0.776881745882863
3001,-2.1131642021441226
3002,5.500110254133084
3003,1.6116205603196776
3004,-0.062229614152320464
3005,-0.48663526873859486
3006,18.706791368628686
3007,-3.9840142680337807
3008,-0.3457284839784848
3009,-0.12183317878588018
3010,-1.2961588198468232
3011,-0.6382290314760111
3012,-0.44846047255041277
3013,0.35069725937198887
3014,18.15846450660482
3015,0.18636953135465378
3016,-2820.9803899999993
3017,-0.050747815673092764
3018,-0.16342570861700156
3019,0.8713442749464501
3020,0.8101065057409307
3021,-1.6518044616590504
3022,148.2844700000002
3023,-0.06685856096637006
3024,0.6295388461883002
3025,-1.1897221038678185
3026,1.7534659913613473
3027,-3202.1894799999964
3028,3.1294879788218557
3029,208.3940435930947
3030,0.3727552949533051
3031,-0.21172054830405165
3032,-0.042262200175874655
3033,-139.4517176534903
3034,-3169.4798699999938
3035,-7174.535872412394
3036,1.6201671466503746
3037,-14126.920729999965
3038,-0.7108053711111645
3039,0.4558533324988481
3040,-19442.84391000001
3041,0.7332902790303193
3042,26.44049371097997
3043,-3742.814582499759
3044,-0.21865283531773874
3045,-0.1704408081870756
3046,-6417.133339999996
3047,-762.8795820586472
3048,-0.12141170901204054
3049,0.1102792145942153
3050,0.18550734606976893
3051,-7224.849240000001
3052,0.024909519806926825
3053,-0.08971043495121359
3054,-0.25721959120196464
3055,-7616.152240000004
3056,-7003.506679999992
3057,-1.357426731032385
3058,-0.49907396748353827
3059,-26480.410070000045
3060,-7900.765819999999
3061,-1002.7110900000025
3062,2.170990631289864
3063,-5281.777789999998
3064,84.35434585357436
3065,-0.8861209393885698
3066,-7.475781685463184
3067,162.54089754336223
3068,-2499.861519999997
3069,0.5525748929500532
3070,0.47478194312799454
3071,1.3643953672762408
3072,10.800458873670454
3073,-7146.248119999987
3074,0.5445201142368586
3075,0.6015982632696869
3076,5.386006010360586
3077,-1.6146435458337476
3078,-18849.66884
3079,3.8580825823220675
3080,-0.5195222175180658
3081,3.9182355363876296
3082,-9867.950859999999
3083,0.40094761853333666
3084,476.90874215278916
3085,0.19518247547288017
3086,1.1128700374138638
3087,-2.5116209708034756
3088,-0.10070970094550934
3089,-9286.280409999985
3090,-1.2102662148817656
3091,-0.16240244533573328
3092,-0.7050577879720399
3093,-0.056447722775406814
3094,-8542.265540000006
3095,-0.24000324012982976
3096,-5223.604049999994
3097,0.08144484701855215
3098,-719.3803399999989
3099,112.23633965181588
3100,0.6562638721796021
3101,-9760.355280000009
3102,-11324.809569999989
3103,2.724299059896455
3104,0.15952555497183915
3105,-0.7377123632296617
3106,-10306.926340000005
3107,0.5809879236419945
3108,-0.15792207369933522
3109,-3153.275190000004
3110,-1.581722103294168
3111,-10311.743137066742
3112,-0.7393833995726473
3113,-0.8832969677969218
3114,-0.8119341266455814
3115,-0.5119634050043965
3116,-0.7839005269683634
3117,0.38878873575265555
3118,1184.6974079056517
3119,-0.07749686159782265
3120,0.5053817915239971
3121,0.2278419547010441
3122,1.1028975635349676
3123,-7588.059139999994
3124,-0.3815972879042396
3125,-16958.648660000006
3126,0.3753459034856755
3127,-4664.057620000007
3128,-13667.111819999971
3129,-34818.16040667981
3130,-1396.7399600000035
3131,0.356687820680103
3132,-0.29269692824360327
3133,-5958.216420000002
3134,0.2111293526412956
3135,1.6720951883222488
3136,-0.8844312693860269
3137,-5359.557499999993
3138,0.9629020253016904
3139,6.810919536801702
3140,1.3044205748656545
3141,-0.43835230188814467
3142,-9256.177399999991
3143,1.9439780208181625
3144,-0.7769420743171156
3145,1.6528499918083988
3146,-437.9338098872282
3147,0.6112492004243156
3148,-1.2808222270405842
3149,-11871.170309999998
3150,-15971.84714000001
3151,0.8889896786403636
3152,1.8866174229059585
3153,30.284019999999984
3154,-0.7007837454020921
3155,-1.6318530634769979
3156,-2246.7516199999955
3157,-13708.512519999964
3158,-0.12262836126502412
3159,1.2004729615187855
3160,-1846.8466999999955
3161,-0.7170978730255311
3162,1.8567612143256296
3163,1.541034218527495
3164,-0.6764525428170033
3165,0.9974225193910857
3166,5.51502493699896
3167,-1063.7413999999997
3168,1.8086259849436241
3169,1.0179164520972739
3170,1.110251885700021
3171,0.9416840324052385
3172,-29717.894299999978
3173,-3426.5200100000006
3174,-4735.1532300000035
3175,1.6501855803927223
3176,-19981.98359
3177,0.97527544256393
3178,-8.09288137087016
3179,0.04604416576319561
3180,2.5702962131285036
3181,-3163.5049000000085
3182,1.1994844421019946
3183,-696.1410999999987
3184,0.7753635822284758
3185,-1.4011951801697
3186,-4459.618899999999
3187,-1.1330082487937596
3188,-0.6733305209783399
3189,16.416766120073596
3190,-1.4967010398895733
3191,-4354.157059999993
3192,-2213.094510000001
3193,-581.3565200000002
3194,-2.397401381166902
3195,0.3120166831350591
3196,-0.07551605627127601
3197,0.3511358550510882
3198,0.21425872973500112
3199,0.21404897201312106
3200,0.39708369287421175
3201,0.011146027959471179
3202,12.027940086673722
3203,-6201.8844400000025
3204,-15061.193800000005
3205,-6813.839680000003
3206,0.3467037850291367
3207,-8014.453489999985
3208,-18648.56274999998
3209,-18870.38708000001
3210,-2.9416715293820137
3211,0.011229089946624547
3212,0.7658641214894
3213,-0.5548837874189756
3214,-16953.679369999987
3215,-22941.100969999992
3216,-17531.829789999992
3217,-13723.119590000037
3218,-9496.206590000014
3219,-11895.21407
3220,-29709.16245000003
3221,-12719.519280000019
3222,-21178.71100999999
3223,-17985.386249999996
3224,-7145.541620000007
3225,-27877.865710521055
3226,-6178.895150000002
3227,-1744.2776399999989
3228,-10931.200049999994
3229,-9229.778410000012
3230,-9416.70459
3231,-12255.379620000022
3232,-9576.532790000014
3233,-24403.044710000075
3234,-2494.9316499999973
3235,-2069.9373099999966
3236,-4446.218359999996
3237,-6283.645390000002
3238,2383.3031300000002
3239,-2096.8575499999974
3240,-7417.655150000004
3241,-12881.298089999997
3242,-26592.33759000006
3243,-7137.000090000001
3244,-18765.637860000006
3245,355.84139000000044
3246,-6084.87708
3247,-7985.790139999981
3248,-7356.172420000005
3249,-18807.88079999998
3250,536.8387992676808
3251,-8805.234820000001
3252,2761.7681201498676
3253,-7195.574709999998
3254,-1813.4041499999987
3255,-3519.8623599999955
3256,-2491.0001699999957
3257,-17051.20932999998
3258,-4060.719909999992
3259,-20961.50720000001
3260,-12596.788459999978
3261,-8471.605439999988
3262,-22295.95412000005
3263,-16578.754270000023
3264,-4839.719039999996
3265,-6489.7291899999855
3266,-22798.403150000002
3267,-7964.975400000004
3268,-13319.960970000002
3269,-20646.074486205285
3270,-12192.63027000001
3271,-9021.668129999998
3272,-216.31483
3273,-2101.889750000003
3274,-1046.8527700000009
3275,-16516.673890000005
3276,-3909.8484000000026
3277,-7819.111250000005
3278,-21371.796606679778
3279,-890.1643800000011
3280,-4264.821860000004
3281,-9885.428639999982
3282,-22192.628590000008
3283,-4197.029779999999
3284,-7316.270350000003
3285,1453.4540400000026
3286,-3368.605720000008
3287,-717.3613399999995
3288,-6815.901410000005
3289,-6247.315619999997
3290,-30098.96578000003
3291,-1156.2721999999994
3292,-6386.736610000005
3293,-12624.879680000004
3294,-25766.865680000003
3295,-4958.266709999997
3296,-6242.633380000002
3297,-16719.431870000055
3298,-13423.601310000013
3299,1306.8071999999972
3300,-757.0518000000003
3301,-17736.08872
3302,-1369.5732900000041
3303,-9025.94278000001
3304,-7051.731040000004
3305,-9959.09069999999
3306,-4238.968669999983
3307,-4479.432329999993
3308,-28513.84541000003
3309,-14399.483490000017
3310,-1913.7494399999969
3311,-5602.904000000003
3312,-8835.705549999997
3313,-15128.610860000017
3314,-7353.808270000011
3315,-3908.4092000000064
3316,138.42367000000021
3317,-7286.376919999987
3318,-10267.045269999988
3319,-5113.702439999999
3320,-4565.056729999999
3321,-4861.65229
3322,-3029.8694199999973
3323,-13296.736890000024
3324,-12204.758510000003
3325,-9924.220340000003
3326,-6807.879949999991
3327,-17244.252979999972
3328,1570.3369892077333
3329,-4069.7239700000077
3330,-29393.421780000062
3331,-28263.36162000001
3332,-18209.945989999975
3333,-7805.572030000003
3334,-8169.287890000007
3335,-2748.4448500000017
3336,-8022.31284999999
3337,-7981.89787000001
3338,-13474.810879999994
3339,-28015.923139999944
3340,-27253.125950000052
3341,-13351.172369999984
3342,-7877.361189999993
3343,16.41278999999975
3344,-4796.416870000007
3345,-504.20420203630334
3346,-20978.245360000004
3347,-13673.906939999975
3348,-6303.1769299999905
3349,-21952.409830000008
3350,-3905.2305500000057
3351,-10586.792660000003
3352,-5651.274870000001
3353,-8136.165580000004
3354,-34068.53322
3355,-1731.3043899999984
3356,-2911.8859199999997
3357,-2479.9637699999985
3358,-9723.74294000001
3359,-29543.14964000004
3360,-1582.5170499999992
3361,-29179.19886000004
3362,-9986.693839999993
3363,-1689.4304400000021
3364,-14166.56135000001
3365,-8428.167140000003
3366,-8803.921250000003
3367,-17162.013929999994
3368,-5207.737079999991
3369,-590.2403400000009
3370,-1426.6314600000032
3371,-3409.952590000003
3372,-15845.017890000037
3373,-1516.50913
3374,-13520.375199999988
3375,-2359.47522
3376,-8458.812039999999
3377,-19706.74679000002
3378,-11925.181049999983
3379,-21174.321829999983
3380,-5402.648270000002
3381,-1568.5840399999995
3382,-3401.003360000002
3383,3677.5675044062327
3384,-19194.548260000032
3385,-21218.440590000024
3386,-10885.49291
3387,-7907.840209999985
3388,-20988.412900000032
3389,-19239.621080000015
3390,-6329.638170000002
3391,-33979.58905
3392,-12018.004529999973
3393,-4048.124390000001
3394,-2329.016989999998
3395,-6900.5939000000035
3396,-13334.492040000023
3397,-7738.933199999992
3398,-1573.1984099999984
3399,-25884.663780000046
3400,-19952.537610000025
3401,-18255.061949999985
3402,-8732.984640000013
3403,-17906.850949999982
3404,-4207.247259999998
3405,1590.4706361269825
3406,-14695.958219999995
3407,2102.8173126771208
3408,3586.6225499999946
3409,-5755.880710000009
3410,-12550.918490000036
3411,-6542.600569999996
3412,-13204.39009110475
3413,-3595.4968899999935
3414,-15108.00767000003
3415,-571.8823564283969
3416,-4758.332180000001
3417,-12755.47611000002
3418,-23702.10915000002
3419,-8521.578379999972
3420,-5202.999960000007
3421,-9169.711329999996
3422,-18076.094190000047
3423,-20640.20243
3424,-13624.501060000015
3425,-5070.534720000002
3426,-18741.01259000002
3427,843.3234300000005
3428,-2553.2751900000003
3429,-1743.5802599999947
3430,-15527.572030000005
3431,-9281.49533999998
3432,-19100.057590000004
3433,-23886.469959999988
3434,-1548.5728600000016
3435,-12249.821110000032
3436,256.3022735024067
3437,-8187.617869999981
3438,-21605.200940000017
3439,-5230.385130000001
3440,-24081.50152999999
3441,-2818.3528999999994
3442,-8581.94241
3443,-1581.2985400000002
3444,-15276.407959999986
3445,-9389.439020000003
3446,-4535.736200000008
3447,-6178.335199999997
3448,-5541.489719999999
3449,-4276.320450000004
3450,-22365.61138000001
3451,-20987.32498
3452,-10264.516510000003
3453,-7840.386319999997
3454,-1327.93097
3455,-1677.9767699999993
3456,-26740.005820000042
3457,-11943.604530000004
3458,-4965.602079999998
3459,-20169.100100000018
3460,-2689.9562099999966
3461,-20212.998890000003
3462,-11799.883079999996
3463,-20140.690730000017
3464,48.48771195618457
3465,-11593.83269000002
3466,-7881.66495999998
3467,-6288.2801100000015
3468,-3220.5084700000016
3469,-11686.38562000001
3470,-7938.51447999999
3471,-1236.0603199999998
3472,-6531.816270000005
3473,-1011.0281400000005
3474,-29912.789530000064
3475,-2778.5426199999984
3476,-7200.047330000008
3477,-289.6482699999998
3478,-3519.836390000011
3479,-8196.18543000001
3480,1520.5318399999974
3481,-15559.636300000033
3482,-5490.578470000007
3483,-16774.55387999998
3484,-8976.21521000001
3485,-5047.066530000002
3486,-6229.733280000001
3487,-4405.372610000011
3488,-36268.52802987366
3489,-2244.539670000002
3490,-7189.9192099999955
3491,-13732.915439999992
3492,-13320.013139999995
3493,-11905.430089999994
3494,-17965.567969999967
3495,-14116.045009999996
3496,-6820.048199999999
3497,-7363.511230000015
3498,-9784.458459999998
3499,-5218.629779999997
3500,-3744.641760000003
3501,-15489.422840000012
3502,-3184.6861099999987
3503,-1012.1779249054536
3504,-131.1390429443944
3505,-6162.12539
3506,-14632.594260000009
3507,-6997.851959999985
3508,-8721.27871999999
3509,-6743.925869999996
3510,-8478.525569999976
3511,-9261.559560000005
3512,-6462.531150000009
3513,-6160.239449999998
3514,-9502.875340000002
3515,-2413.5062699999953
3516,-4816.338809999994
3517,-13544.799410000001
3518,-8740.992400000005
3519,-28987.000120000015
3520,-6063.618600000005
3521,-3455.3351100000086
3522,-10762.114549999978
3523,-15960.319000000009
3524,-6463.302619999996
3525,-11829.978630000003
3526,-19976.97226000001
3527,-29680.814230000007
3528,-9586.16741
3529,-22289.475760000016
3530,-14321.461360000001
3531,-14842.526390000014
3532,-26338.76008000008
3533,-3931.6426299999907
3534,-13799.668619999975
3535,-4268.995200913622
3536,-5522.173889999998
3537,-28193.290130000016
3538,-3787.4766499999987
3539,-24361.25397000003
3540,-5432.629489999992
3541,-8188.47342000001
3542,-20995.87192000002
3543,-9782.837760000013
3544,-5380.479979999986
3545,-8884.120980000005
3546,-7867.846950000005
3547,-10736.89399
3548,-10922.26399999999
3549,-644.3070276322962
3550,-142.08687999999967
3551,-6088.85252999999
3552,-547.69857
3553,-6225.611129999989
3554,-1713.5751799999975
3555,-5614.714569999991
3556,-4316.38387
3557,-7213.800890000005
3558,-4769.582400000003
3559,-6668.220650000002
3560,-29127.47585000004
3561,-13805.141539999991
3562,-30474.216590000065
3563,-19157.50542999999
3564,-27272.751250000023
3565,-5717.478819999992
3566,-3811.254111544342
3567,-6483.8844400000135
3568,-28452.741086106747
3569,-4405.752340000001
3570,-20282.83062000001
3571,5277.977850000002
3572,-12205.280170000022
3573,-19024.798369999986
3574,-7650.091510000016
3575,-14409.099899999997
3576,-12622.169700000011
3577,-6672.176070000014
3578,-8120.345299999995
3579,-11463.05441000002
3580,-3024.495570000006
3581,-8655.01838000001
3582,122.0569200000001
3583,-8081.607829999997
3584,-23794.83610000004
3585,-12987.40702999998
3586,-23998.963910000068
3587,-17627.758819999985
3588,-28036.927969999975
3589,-9061.382870000018
3590,-12060.45664999998
3591,-5933.36656000001
3592,-5647.865809999999
3593,-1434.4090299999982
3594,-11097.159679999992
3595,2589.3258800000017
3596,-7230.5423800000035
3597,427.291804841849
3598,-4566.679930139965
3599,-13272.658450000008
3600,-21622.040570000016
3601,-8187.843199999992
3602,-22055.177920000027
3603,-3421.8082200000013
3604,-17874.238079999996
3605,-11370.05617
3606,-9080.202230000008
3607,-2553.6363400000005
3608,-326.8043599999998
3609,-13084.788180000014
3610,-14264.250770000019
3611,-6378.834250000009
3612,-4773.266700000007
3613,-15577.96245
3614,-3658.669589999996
3615,-803.0203182730262
3616,-33331.39986000002
3617,1542.6251899999975
3618,470.7621700000002
3619,-5733.00819
3620,-21745.896980000027
3621,-6290.651179999999
3622,-9254.367440000009
3623,-3133.1452000000004
3624,-19539.515570000007
3625,-836.2670700000006
3626,-8934.105070000014
3627,-7378.434629999994
3628,-3133.720019999997
3629,-21475.650340000047
3630,-5355.721599999992
3631,-8024.439349999988
3632,-5151.942859999999
3633,-16229.928999999991
3634,-13289.18007000002
3635,-13994.690170000062
3636,-6794.294380000002
3637,-18023.260359999975
3638,-14095.884169999978
3639,-29882.552026106787
3640,-884.8160212882633
3641,-4921.797049999997
3642,-8597.82523000001
3643,-9356.722069999998
3644,-4037.0318700000025
3645,-11762.511989999995
3646,-3012.52836
3647,-2541.443760000002
3648,-10202.569879999995
3649,-15152.580090000003
3650,-3852.7219599999976
3651,-10134.474559999982
3652,-15339.08032999998
3653,-4996.032039999994
3654,-5468.246780000003
3655,-22501.582880000034
3656,-13335.038409999996
3657,-379.4376200000004
3658,-20029.649610000022
3659,-19136.499930000013
3660,-7795.215139999984
3661,-2507.708679999994
3662,-17951.61607999998
3663,1050.430313316994
3664,-12978.362280000018
3665,-13914.515640000003
3666,-5240.135400000005
3667,2651.0806086867433
3668,-17743.744300000028
3669,-1871.2002599999967
3670,-2727.427070000002
3671,-2140.425840000001
3672,-7779.307800000007
3673,-7618.7115799999865
3674,-16498.388129999992
3675,-13012.652489999988
3676,-410.64040021665494
3677,-13949.081829999992
3678,-3467.9118999999937
3679,-11764.971290000016
3680,-17670.509780000008
3681,-18362.659420000018
3682,-19860.32225000001
3683,-24783.14398999998
3684,-7946.83794999999
3685,-4450.888359999994
3686,-11458.843110000038
3687,-9788.439680000007
3688,-10817.19863999998
3689,-11595.46984000001
3690,-13009.586429999985
3691,-18273.611809999984
3692,-23399.925629999987
3693,-6540.432239999995
3694,-13634.287049999995
3695,-37045.35560000011
3696,-26752.11092000002
3697,-8572.721360000009
3698,-2047.7688499999995
3699,-2082.892080000001
3700,-13660.261480000034
3701,-6313.408200000012
3702,-7014.590930000012
3703,-17333.434670000028
3704,-6069.999870000007
3705,-12283.040760000009
3706,-13279.589219999996
3707,2479.7193471987357
3708,-5648.8412199999975
3709,-12939.182129999988
3710,1160.82715750024
3711,-23409.131460000022
3712,-7501.879750000006
3713,-17783.49938000002
3714,-22131.109360000006
3715,-19679.45809999997
3716,-3964.7576399999975
3717,-15233.911170000003
3718,-7584.275369999994
3719,-13705.221099999966
3720,-5795.665289999991
3721,-7959.086839999997
3722,-9306.394799999993
3723,-7168.708659999999
3724,-7070.051869999981
3725,-9412.841979999992
3726,542.7693870258851
3727,-14230.96611934221
3728,-22974.208470000012
3729,-9501.029710000024
3730,-3362.706330000003
3731,-6424.68370999999
3732,-30129.48190000004
3733,-4970.815370000003
3734,-29794.910260000037
3735,-20917.937760000037
3736,-12206.32004999998
3737,-4162.440370000005
3738,-13014.434009999983
3739,-935.1940200000008
3740,1920.2280100000028
3741,-9757.714439999998
3742,-16469.039970000027
3743,-30153.47761999996
3744,-9002.251110000008
3745,-514.6083799999992
3746,-29447.852869999977
3747,-8201.913710000012
3748,-3895.4259699999952
3749,-6358.513989999987
3750,-12202.709979999992
3751,-13513.593180000005
3752,-4525.569049999994
3753,-10968.550020000006
3754,-6984.306630000006
3755,-22671.46543000002
3756,-27536.031329999976
3757,-4565.540580000008
3758,-10811.925089999979
3759,-6762.438009999994
3760,-14099.444820000019
3761,-13919.394050000012
3762,-8844.71197
3763,-12578.154400000012
3764,-6934.110179999999
3765,-2878.865679999999
3766,-590.55996
3767,-8709.086929999961
3768,-5124.28295000001
3769,-20697.377580000022
3770,-6246.341740000012
3771,-5589.726170000021
3772,-7653.882670000002
3773,-12855.870710000001
3774,-4311.553749999999
3775,-5197.715840000001
3776,-16922.350940000015
3777,-5190.064539999998
3778,-6918.640590000001
3779,-6969.845700000015
3780,-16174.081610000041
3781,-4662.769360000002
3782,-4488.525370000012
3783,-7578.103200000006
3784,-2082.6414000000022
3785,1307.457929999999
3786,-10428.485990000008
3787,-11394.81754999999
3788,-3651.6182999999933
3789,-9309.526440000009
3790,-9960.048330000003
3791,-35097.053060000006
3792,-5077.07121
3793,-15131.577030000028
3794,-1486.1616800000033
3795,-2464.398899999996
3796,-4168.22744
3797,-17786.645820000038
3798,-4558.003029999994
3799,-18918.604639999987
3800,-15179.029040000018
3801,-3314.2680500000024
3802,-15849.86870000004
3803,-12208.14714
3804,-14240.500190000006
3805,-29423.234860000033
3806,-3940.959220000006
3807,-1261.2751999999987
3808,-10922.291019999997
3809,-1298.351290000002
3810,-30698.153850000028
3811,-5814.751679999995
3812,-3931.926379999996
3813,-14143.79064
3814,-34605.89453000005
3815,95.37745081880563
3816,-8369.709900000007
3817,-3899.038300000001
3818,-6599.505329999994
